name,Ambulatory Surgical Clinic,Animal Bite Treatment Center,Barangay Health Station,Birthing Home,City Health Office,COVID-19 Testing Laboratory,DepEd Clinic,Dialysis Clinic,Drug Abuse Treatment and Rehabilitation Centers,Drug Testing Laboratory,General Clinic Laboratory,Hospital,Infirmary,Municipal Health Office,Provincial Health Office,Psychiatric Care Facility,Rural Health Unit,Social hygiene Clinic,Total,year
Aborlan,0,0,18,0,0,0,0,0,0,0,0,1,0,0,0,0,1,0,20,2021
Abra De Ilog,0,0,9,0,0,0,0,0,0,0,0,0,1,0,0,0,1,0,11,2021
Abucay,0,0,11,1,0,0,0,0,0,0,0,0,0,0,0,0,1,0,13,2021
Abulug,0,0,8,0,0,0,0,0,0,0,4,1,0,0,0,0,1,0,14,2021
Abuyog,0,0,17,4,0,0,0,0,0,0,2,1,0,0,0,0,2,0,26,2021
Adams,0,0,1,1,0,0,0,0,0,0,0,0,0,0,0,0,1,0,3,2021
Agdangan,0,0,12,2,0,0,0,0,0,0,0,0,0,0,0,0,1,0,15,2021
Aglipay,0,0,25,3,0,0,0,0,0,0,0,0,1,0,0,0,1,0,30,2021
Agno,0,0,7,1,0,0,0,0,0,0,0,0,0,0,0,0,2,0,10,2021
Agoncillo,0,0,5,0,0,0,0,0,0,0,0,0,0,0,0,0,1,0,6,2021
Agoo,0,0,14,1,0,0,0,0,0,0,0,2,1,0,0,0,1,0,19,2021
Aguilar,0,0,16,1,0,0,0,0,0,0,0,0,1,0,0,0,1,0,19,2021
Aguinaldo,0,0,22,0,0,0,0,0,0,0,0,0,1,0,0,0,1,0,24,2021
Agutaya,0,0,7,0,0,0,0,0,0,0,0,0,0,0,0,0,1,0,8,2021
Ajuy,0,0,31,0,0,0,0,0,0,0,0,0,0,0,0,0,1,0,32,2021
Akbar,0,0,9,1,0,0,0,0,0,0,0,0,0,0,0,0,1,0,11,2021
Alabat,0,0,19,0,0,0,0,0,0,0,0,1,0,0,0,0,1,0,21,2021
Alabel,0,0,13,3,0,0,0,0,0,0,0,0,1,0,0,0,1,0,18,2021
Alamada,0,0,17,1,0,0,0,0,0,0,0,0,1,0,0,0,1,0,20,2021
Alaminos (LA),0,0,11,0,0,0,0,0,0,0,0,0,1,0,0,0,1,0,13,2021
Alaminos (PS),0,0,13,4,0,0,0,0,0,0,0,3,0,0,0,0,2,0,22,2021
Alang-Alang,0,0,7,3,0,0,0,0,0,0,2,0,1,1,0,0,1,0,15,2021
Al-Barka,0,0,4,0,0,0,0,0,0,0,0,0,0,0,0,0,1,0,5,2021
Albuera,0,0,9,4,0,0,0,0,0,0,0,0,0,0,0,0,1,0,14,2021
Alburquerque,0,0,3,1,0,0,0,0,0,0,0,0,0,0,0,0,1,0,5,2021
Alcala (CG),0,0,12,2,0,0,0,0,0,0,0,0,1,0,0,0,2,0,17,2021
Alcala (PS),0,0,12,2,0,0,0,0,0,0,0,0,1,0,0,0,2,0,17,2021
Alcantara (CU),0,0,20,1,0,0,0,0,0,0,0,0,0,0,0,0,2,0,23,2021
Alcantara (RN),0,0,20,1,0,0,0,0,0,0,0,0,0,0,0,0,2,0,23,2021
Alcoy,0,0,8,1,0,0,0,0,0,0,0,0,0,0,0,0,1,0,10,2021
Alegria (CU),0,0,18,1,0,0,0,0,0,0,0,0,0,0,0,0,2,0,21,2021
Alegria (SN),0,0,18,1,0,0,0,0,0,0,0,0,0,0,0,0,2,0,21,2021
Aleosan,0,0,19,0,0,0,0,0,0,0,0,1,0,0,0,0,1,0,21,2021
Alfonso,0,0,32,2,0,0,0,0,0,0,0,1,0,0,0,0,1,0,36,2021
Alfonso Castaneda,0,0,6,1,0,0,0,0,0,0,0,0,0,0,0,0,1,0,8,2021
Alfonso Lista,0,0,22,0,0,0,0,0,0,0,0,1,0,0,0,0,1,0,24,2021
Aliaga,0,0,8,0,0,0,0,0,0,0,0,0,0,0,0,0,2,0,10,2021
Alicia (BL),0,0,48,5,0,0,0,0,0,0,1,3,1,0,0,0,3,0,61,2021
Alicia (IA),0,0,48,5,0,0,0,0,0,0,1,3,1,0,0,0,3,0,61,2021
Alicia (ZS),0,0,48,5,0,0,0,0,0,0,1,3,1,0,0,0,3,0,61,2021
Alilem,0,0,6,1,0,0,0,0,0,0,0,0,0,0,0,0,1,0,8,2021
Alimodian,0,0,8,0,0,0,0,0,0,0,0,1,0,0,0,0,1,0,10,2021
Alitagtag,0,0,5,0,0,0,0,0,0,0,0,0,0,0,0,0,1,0,6,2021
Allacapan,0,0,6,1,0,0,0,0,0,0,1,0,0,0,0,0,1,0,9,2021
Allen,0,0,2,1,0,0,0,0,0,0,0,1,0,0,0,0,1,0,5,2021
Almagro,0,0,2,1,0,0,0,0,0,0,0,0,0,0,0,0,1,0,4,2021
Almeria,0,0,5,1,0,0,0,0,0,0,0,0,0,0,0,0,1,0,7,2021
Aloguinsan,0,0,15,0,0,0,0,0,0,0,0,0,0,0,0,0,1,0,16,2021
Aloran,0,0,6,0,0,0,0,0,0,0,0,0,1,0,0,0,1,0,8,2021
Altavas,0,0,6,0,0,0,0,0,0,0,0,0,1,0,0,0,1,0,8,2021
Alubijid,0,0,16,0,0,0,0,0,0,0,0,0,1,0,0,0,1,0,18,2021
Amadeo,0,0,26,0,0,0,0,0,3,0,0,0,0,0,0,0,1,0,30,2021
Amai Manabilang,0,0,1,1,0,0,0,0,0,0,0,0,0,0,0,0,1,0,3,2021
Ambaguio,0,0,7,1,0,0,0,0,0,0,0,0,0,0,0,0,1,0,9,2021
Amlan,0,0,7,1,0,0,0,0,0,0,0,0,0,0,0,0,1,0,9,2021
Ampatuan,0,0,3,2,0,0,0,0,0,0,0,0,0,0,0,0,1,0,6,2021
Amulung,0,0,48,1,0,0,0,0,0,0,0,0,0,0,0,0,1,0,50,2021
Anahawan,0,0,3,0,0,0,0,0,0,0,0,1,0,0,0,0,1,0,5,2021
Anao,0,0,6,0,0,0,0,0,0,0,0,0,0,0,0,0,1,0,7,2021
Anda (BL),0,0,33,2,0,0,0,0,0,0,0,0,0,0,0,0,2,0,37,2021
Anda (PS),0,0,33,2,0,0,0,0,0,0,0,0,0,0,0,0,2,0,37,2021
Angadanan,0,0,6,1,0,0,0,0,0,0,1,0,0,0,0,0,1,0,9,2021
Angat,0,0,13,2,0,0,0,0,1,0,0,0,0,0,0,0,1,0,17,2021
Angeles,1,0,27,15,1,1,0,0,0,0,0,15,2,0,0,0,6,1,69,2021
Angono,0,0,9,1,0,0,0,0,0,0,0,3,0,0,0,0,2,0,15,2021
Anilao,0,0,5,0,0,0,0,0,0,0,0,0,0,0,0,0,1,0,6,2021
Anini-Y,0,0,4,0,0,0,0,0,0,0,0,0,0,0,0,0,1,0,5,2021
Antequera,0,0,5,1,0,0,0,0,0,0,0,0,0,0,0,0,1,0,7,2021
Antipas,0,0,12,0,0,0,0,0,0,0,0,1,1,0,0,0,1,0,15,2021
Antipolo,0,0,17,12,0,1,0,0,2,0,0,14,3,0,0,0,5,1,55,2021
Apalit,0,0,13,6,0,0,0,0,0,0,0,4,0,0,0,0,2,0,25,2021
Aparri,0,0,25,1,0,0,0,0,0,0,2,3,0,0,0,0,2,0,33,2021
Araceli,0,0,12,0,0,0,0,0,0,0,0,0,0,0,0,0,1,0,13,2021
Arakan,0,0,27,0,0,0,0,0,0,0,0,0,0,0,0,0,1,0,28,2021
Arayat,0,0,28,8,0,0,0,0,0,0,0,5,1,0,0,0,3,0,45,2021
Argao,0,0,40,0,0,0,0,0,1,0,0,1,0,0,0,0,2,0,44,2021
Aringay,0,0,23,1,0,0,0,0,0,0,0,0,0,0,0,0,1,0,25,2021
Aritao,0,0,22,1,0,0,0,0,0,0,0,1,0,0,0,0,1,0,25,2021
Aroroy,0,0,32,0,0,0,0,0,0,0,0,0,1,0,0,0,1,0,34,2021
Arteche,0,0,4,2,0,0,0,0,0,0,0,0,1,0,0,0,1,0,8,2021
Asingan,0,0,17,2,0,0,0,0,0,0,0,1,0,0,0,0,2,0,22,2021
Asipulo,0,0,15,0,0,0,0,0,0,0,0,0,0,0,0,0,1,0,16,2021
Asturias,0,0,27,0,0,0,0,0,0,0,0,0,1,0,0,0,1,0,29,2021
Asuncion,0,0,20,2,0,0,0,0,0,0,0,0,0,0,0,0,1,0,23,2021
Atimonan,0,0,9,0,0,0,0,0,0,0,0,2,0,0,0,0,1,0,12,2021
Atok,0,0,8,0,0,0,0,0,0,0,0,1,0,0,0,0,1,0,10,2021
Aurora (IA),0,0,28,5,0,0,0,0,0,0,1,1,1,0,0,0,2,0,38,2021
Aurora (ZR),0,0,28,5,0,0,0,0,0,0,1,1,1,0,0,0,2,0,38,2021
Ayungon,0,0,24,0,0,0,0,0,0,0,0,0,0,0,0,0,1,0,25,2021
Baao,0,0,9,4,0,0,0,0,0,0,0,0,1,0,0,0,1,0,15,2021
Babatngon,0,0,6,2,0,0,0,0,0,0,0,0,0,0,0,0,1,0,9,2021
Bacacay,0,0,11,2,0,0,0,0,0,0,0,0,2,0,0,0,1,0,16,2021
Bacarra,0,0,5,1,0,0,0,0,0,0,0,1,0,0,0,0,1,0,8,2021
Baclayon,0,0,5,1,0,0,0,0,0,0,0,0,0,0,0,0,1,0,7,2021
Bacnotan,0,0,9,0,0,0,0,0,0,0,0,1,0,0,0,0,1,0,11,2021
Baco,0,0,27,0,0,0,0,0,0,0,0,0,0,0,0,0,1,0,28,2021
Bacolod (LN),0,0,16,1,0,0,0,0,0,0,0,1,0,0,0,0,1,0,19,2021
Bacolod (NO),0,0,30,2,0,5,0,0,0,0,0,7,0,0,0,0,1,0,45,2021
Bacolod-Kalawi,0,0,5,1,0,0,0,0,0,0,0,0,0,0,0,0,1,0,7,2021
Bacolor,0,0,7,0,0,0,0,0,0,0,0,1,0,0,0,0,2,0,10,2021
Bacong,0,0,21,0,0,0,0,0,0,0,0,0,0,0,0,0,1,0,22,2021
Bacoor,0,0,54,17,0,0,0,0,0,0,0,10,0,0,0,0,7,1,89,2021
Bacuag,0,0,4,0,0,0,0,0,0,0,0,0,0,0,0,0,1,0,5,2021
Bacungan Leon B. Postigo,0,0,18,2,0,0,0,0,0,0,0,0,0,0,0,0,1,0,21,2021
Badian,0,0,10,1,0,0,0,0,0,0,0,0,1,0,0,0,1,0,13,2021
Badiangan,0,0,9,0,0,0,0,0,0,0,0,0,0,0,0,0,1,0,10,2021
Badoc,0,0,7,0,0,0,0,0,0,0,0,0,0,0,0,0,1,0,8,2021
Bagabag,0,0,13,0,0,0,0,0,0,0,1,0,0,0,0,0,1,0,15,2021
Bagac,0,0,14,0,0,0,0,0,0,0,0,0,1,0,0,0,1,0,16,2021
Bagamanoc,0,0,6,1,0,0,0,0,0,0,0,0,0,0,0,0,1,0,8,2021
Baganga,0,0,18,0,0,0,0,0,0,0,0,0,1,0,0,0,1,0,20,2021
Baggao,0,0,17,1,0,0,0,0,0,0,0,0,1,0,0,0,1,0,20,2021
Bago,0,0,37,0,0,0,0,0,0,0,0,1,0,0,0,0,1,0,39,2021
Baguio,0,1,0,1,0,2,0,0,1,0,0,7,1,0,0,0,17,0,30,2021
Bagulin,0,0,9,1,0,0,0,0,0,0,0,0,0,0,0,0,1,0,11,2021
Bagumbayan,0,0,19,1,0,0,0,0,0,0,0,0,0,0,0,0,1,0,21,2021
Bais,0,0,34,0,0,0,0,0,0,0,0,0,1,0,0,0,1,0,36,2021
Bakun,0,0,7,0,0,0,0,0,0,0,0,0,0,0,0,0,1,0,8,2021
Balabac,0,0,9,0,0,0,0,0,0,0,0,0,0,0,0,0,1,0,10,2021
Balabagan,0,0,3,1,0,0,0,0,0,0,0,0,0,0,0,0,1,0,5,2021
Balagtas,0,0,8,2,0,0,0,0,0,0,0,2,1,0,0,0,2,0,15,2021
Balamban,0,0,28,1,0,0,0,0,0,0,0,1,1,0,0,0,3,0,34,2021
Balanga,0,0,25,0,0,2,0,0,0,0,0,6,0,0,0,0,5,0,38,2021
Balangiga,0,0,4,1,0,0,0,0,0,0,0,0,1,0,0,0,1,0,7,2021
Balangkayan,0,0,3,0,0,0,0,0,0,0,0,0,0,0,0,0,1,0,4,2021
Balaoan,0,0,10,1,0,0,0,0,0,0,0,1,0,0,0,0,1,0,13,2021
Balasan,0,0,6,0,0,0,0,0,0,0,0,1,0,0,0,0,1,0,8,2021
Balatan,0,0,4,3,0,0,0,0,0,0,0,0,0,0,0,0,1,0,8,2021
Balayan,0,0,22,1,0,0,0,0,0,0,0,4,0,0,0,0,1,0,28,2021
Balbalan,0,0,14,0,0,0,0,0,0,0,0,0,1,0,0,0,1,0,16,2021
Baleno,0,0,24,1,0,0,0,0,0,0,0,0,0,0,0,0,1,0,26,2021
Baler,0,0,8,0,0,0,0,0,0,0,0,2,0,0,0,0,1,0,11,2021
Balete (AK),0,0,17,2,0,0,0,0,0,0,0,0,0,0,0,0,2,0,21,2021
Balete (BS),0,0,17,2,0,0,0,0,0,0,0,0,0,0,0,0,2,0,21,2021
Baliangao,0,0,4,0,0,0,0,0,0,0,0,0,0,0,0,0,1,0,5,2021
Baliguian,0,0,8,0,0,0,0,0,0,0,0,0,0,0,0,0,1,0,9,2021
Balilihan,0,0,5,1,0,0,0,0,0,0,0,0,0,0,0,0,1,0,7,2021
Balindong,0,0,6,1,0,0,0,0,0,0,0,1,0,0,0,0,1,0,9,2021
Balingasag,0,0,30,0,0,0,0,0,0,0,0,1,1,0,0,0,1,0,33,2021
Balingoan,0,0,1,0,0,0,0,0,0,0,0,0,0,0,0,0,1,0,2,2021
Baliwag,0,0,24,7,0,0,0,0,0,0,0,7,0,0,0,0,4,0,42,2021
Ballesteros,0,0,6,0,0,0,0,0,0,0,0,1,1,0,0,0,1,0,9,2021
Baloi,0,0,8,1,0,0,0,0,0,0,0,0,1,0,0,0,1,0,11,2021
Balud,0,0,8,0,0,0,0,0,0,0,0,0,1,0,0,0,1,0,10,2021
Balungao,0,0,20,1,0,0,0,0,0,0,0,0,1,0,0,0,1,0,23,2021
Bamban,0,0,9,5,0,0,0,0,0,0,0,1,0,0,0,0,2,0,17,2021
Bambang,0,0,24,0,0,0,0,0,0,0,2,2,0,0,0,0,1,0,29,2021
Banate,0,0,7,0,0,0,0,0,0,0,0,0,0,0,0,0,1,0,8,2021
Banaue,0,0,19,0,0,0,0,0,0,0,0,0,1,0,0,0,1,0,21,2021
Banaybanay,0,0,14,1,0,0,0,0,0,0,0,0,0,0,0,0,1,0,16,2021
Banayoyo,0,0,3,0,0,0,0,0,0,0,0,0,0,0,0,0,1,0,4,2021
Banga (AK),0,0,32,2,0,0,0,0,0,0,0,0,2,0,0,0,2,0,38,2021
Banga (SC),0,0,32,2,0,0,0,0,0,0,0,0,2,0,0,0,2,0,38,2021
Bangar,0,0,9,1,0,0,0,0,0,0,0,0,0,0,0,0,1,0,11,2021
Bangued,0,0,5,0,0,0,0,0,0,0,0,4,1,0,0,0,1,0,11,2021
Bangui,0,0,5,2,0,0,0,0,0,0,0,1,0,0,0,0,1,0,9,2021
Bani,0,0,11,1,0,0,0,0,0,0,0,0,1,0,0,0,2,0,15,2021
Banisilan,0,0,20,0,0,0,0,0,0,0,0,0,0,0,0,0,1,0,21,2021
Banna,0,0,4,1,0,0,0,0,0,0,0,0,0,0,0,0,1,0,6,2021
Bansalan,0,0,27,0,0,0,0,0,0,0,0,4,2,0,0,0,1,0,34,2021
Bansud,0,0,13,0,0,0,0,0,0,0,0,0,0,0,0,0,1,0,14,2021
Bantay,0,0,28,2,0,0,0,0,0,0,0,2,0,0,0,0,1,0,33,2021
Bantayan Island,0,0,25,1,0,0,0,0,0,0,0,0,1,0,0,0,2,0,29,2021
Banton,0,0,10,0,0,0,0,0,0,0,0,0,0,0,0,0,1,0,11,2021
Baras (CT),0,0,14,1,0,0,0,0,0,0,0,0,0,0,0,0,2,0,17,2021
Baras (RL),0,0,14,1,0,0,0,0,0,0,0,0,0,0,0,0,2,0,17,2021
Barbaza,0,0,7,0,0,0,0,0,0,0,0,0,1,0,0,0,1,0,9,2021
Barcelona,0,0,22,1,0,0,0,0,0,0,0,0,0,0,0,0,1,0,24,2021
Barili,0,0,15,0,0,0,0,0,0,0,0,0,1,0,0,0,2,0,18,2021
Barira,0,0,9,1,0,0,0,0,0,0,0,0,0,0,0,0,1,0,11,2021
Barlig,0,0,7,0,0,0,0,0,0,0,0,0,1,0,0,0,1,0,9,2021
Barobo,0,0,17,2,0,0,0,0,0,0,0,0,1,0,0,0,1,0,21,2021
Barotac Nuevo,0,0,10,0,0,0,0,0,0,0,0,1,0,0,0,0,1,0,12,2021
Barotac Viejo,0,0,24,0,0,0,0,0,0,0,0,1,1,1,0,0,1,0,28,2021
Baroy,0,0,10,0,0,0,0,0,0,0,0,1,0,0,0,0,1,0,12,2021
Barugo,0,0,7,1,0,0,0,0,0,0,0,0,0,0,0,0,1,0,9,2021
Basay,0,0,10,0,0,0,0,0,0,0,0,0,0,0,0,0,1,0,11,2021
Basco,0,0,2,0,0,0,0,0,0,0,0,1,0,0,0,0,1,0,4,2021
Basey,0,0,9,1,0,0,0,0,0,0,1,1,0,1,0,0,0,0,13,2021
Basilisa,0,0,4,0,0,0,0,0,0,0,0,0,0,0,0,0,1,0,5,2021
Basista,0,0,13,1,0,0,0,0,0,0,0,0,0,0,0,0,1,0,15,2021
Basud (CN),0,0,14,1,0,0,0,0,0,0,0,0,0,0,0,0,1,0,16,2021
Batac,0,0,10,1,0,2,0,0,0,0,0,2,1,0,0,0,1,0,17,2021
Batad,0,0,5,0,0,0,0,0,0,0,0,0,0,0,0,0,1,0,6,2021
Batan,0,0,9,0,0,0,0,0,0,0,0,0,0,0,0,0,1,0,10,2021
Batangas,0,0,83,6,0,3,0,0,0,0,0,6,0,0,0,0,6,0,104,2021
Bataraza,0,0,22,0,0,0,0,0,0,0,0,1,1,0,0,0,1,0,25,2021
Bato (CS),0,0,31,5,0,0,0,0,0,1,2,0,1,0,0,0,4,0,44,2021
Bato (CT),0,0,31,5,0,0,0,0,0,1,2,0,1,0,0,0,4,0,44,2021
Bato (LE),0,0,31,5,0,0,0,0,0,1,2,0,1,0,0,0,4,0,44,2021
Batuan (BL),0,0,6,0,0,0,0,0,0,0,0,0,0,0,0,0,2,0,8,2021
Batuan (MS),0,0,6,0,0,0,0,0,0,0,0,0,0,0,0,0,2,0,8,2021
Bauan,0,0,25,3,0,0,0,0,0,0,0,2,0,0,0,0,2,0,32,2021
Bauang,0,0,31,1,0,0,0,0,0,0,0,0,0,0,0,0,1,0,33,2021
Bauko,0,0,24,0,0,0,0,0,0,0,0,1,0,0,0,0,2,0,27,2021
Baungon,0,0,15,0,0,0,0,0,0,0,0,0,0,0,0,0,1,0,16,2021
Bautista,0,0,6,1,0,0,0,0,0,0,0,0,0,0,0,0,1,0,8,2021
Bay,0,0,15,0,0,0,0,0,0,0,0,2,0,0,0,0,1,0,18,2021
Bayabas,0,0,5,1,0,0,0,0,0,0,0,0,0,0,0,0,1,0,7,2021
Bayambang,0,0,26,2,0,0,0,0,0,0,0,2,0,0,0,0,2,0,32,2021
Bayang,0,0,3,0,0,0,0,0,0,0,0,0,0,0,0,0,1,0,4,2021
Bayawan,0,0,39,0,0,0,0,0,0,0,0,1,2,0,0,0,1,0,43,2021
Baybay,0,0,20,4,1,0,0,1,0,1,3,1,2,0,0,0,1,0,34,2021
Bayog,0,0,10,1,0,0,0,0,0,0,0,0,0,0,0,0,1,0,12,2021
Bayombong,0,0,11,0,0,0,0,0,0,0,3,1,0,0,0,0,1,0,16,2021
Bayugan,0,0,19,2,0,0,0,0,0,0,0,1,2,0,0,0,1,0,25,2021
Belison,0,0,3,1,0,0,0,0,0,0,0,0,0,0,0,0,1,0,5,2021
Benito Soliven,0,0,22,1,0,0,0,0,0,0,0,0,0,0,0,0,1,0,24,2021
Besao,0,0,14,0,0,0,0,0,0,0,0,1,0,0,0,0,1,0,16,2021
Bien Unido,0,0,15,1,0,0,0,0,0,0,0,0,0,0,0,0,1,0,17,2021
Bilar,0,0,5,1,0,0,0,0,0,0,0,0,0,0,0,0,1,0,7,2021
Biliran,0,0,3,0,0,0,0,0,0,0,0,0,0,0,0,0,1,0,4,2021
Binalbagan,0,0,20,1,0,0,0,0,0,0,0,0,1,0,0,0,1,0,23,2021
Binalonan,0,0,24,1,0,0,1,0,0,0,0,0,1,0,0,0,1,0,28,2021
Binangonan,0,0,40,6,0,0,0,0,0,0,0,3,1,0,0,0,4,0,54,2021
Bindoy,0,0,15,0,0,0,0,0,0,0,0,0,1,0,0,0,1,0,17,2021
Bingawan,0,0,5,0,0,0,0,0,0,0,0,0,0,0,0,0,1,0,6,2021
Binidayan,0,0,0,0,0,0,0,0,0,0,0,1,0,0,0,0,1,0,2,2021
Binmaley,0,0,18,3,0,0,0,0,0,0,0,0,0,0,0,0,2,0,23,2021
Binuangan,0,0,3,0,0,0,0,0,0,0,0,0,0,0,0,0,1,0,4,2021
Biri,0,0,5,0,0,0,0,0,0,0,0,0,1,0,0,0,1,0,7,2021
Bislig,0,0,35,1,0,0,0,0,0,0,0,2,1,0,0,0,3,0,42,2021
Binan,0,0,24,4,0,0,0,0,0,0,0,4,0,0,0,0,2,0,34,2021
Boac,0,0,6,0,0,0,0,0,0,0,0,1,0,0,0,0,2,0,9,2021
Bobon,0,0,4,1,0,0,0,0,0,0,0,0,0,0,0,0,1,0,6,2021
Bocaue,0,0,17,5,0,1,0,0,0,0,0,4,0,0,0,0,2,0,29,2021
Bogo,0,0,19,1,0,0,0,0,0,0,0,1,0,0,0,0,4,0,25,2021
Bokod,0,0,11,0,0,0,0,0,0,0,0,1,0,0,0,0,1,0,13,2021
Bolinao,0,0,11,2,0,0,0,0,0,0,0,1,1,0,0,0,2,0,17,2021
Boliney,0,0,4,0,0,0,0,0,0,0,0,0,0,0,0,0,1,0,5,2021
Boljoon,0,0,10,0,0,0,0,0,0,0,0,0,0,0,0,0,1,0,11,2021
Bombon,0,0,9,2,0,0,0,0,0,0,0,0,0,0,0,0,1,0,12,2021
Bongabon,0,0,6,0,0,0,0,0,0,0,0,1,0,0,0,0,2,0,9,2021
Bongabong,0,0,36,0,0,0,0,0,0,0,0,1,2,0,0,0,1,0,40,2021
Bongao,0,0,4,1,0,0,0,0,0,0,0,4,0,0,0,0,1,0,10,2021
Bonifacio,0,0,7,0,0,0,0,0,0,0,0,1,0,0,0,0,1,0,9,2021
Bontoc (MP),0,0,15,0,0,0,0,0,0,0,0,1,0,0,0,0,1,0,17,2021
Bontoc (SL),0,0,7,1,0,0,0,0,0,0,0,0,0,0,0,0,1,0,9,2021
Borbon,0,0,19,1,0,0,0,0,0,0,0,0,0,0,0,0,1,0,21,2021
Borongan,0,0,16,3,0,0,1,0,0,1,3,2,0,0,0,0,2,0,28,2021
Boston,0,0,8,0,0,0,0,0,0,0,0,0,0,0,0,0,1,0,9,2021
Botolan,0,0,24,0,0,0,0,0,0,0,0,0,1,0,0,0,2,0,27,2021
Braulio E. Dujali,0,0,5,1,0,0,0,0,0,0,0,0,0,0,0,0,1,0,7,2021
Buadiposo-Buntong,0,0,3,1,0,0,0,0,0,0,0,0,0,0,0,0,1,0,5,2021
Bubong,0,0,2,1,0,0,0,0,0,0,0,0,0,0,0,0,1,0,4,2021
Bucay,0,0,13,0,0,0,0,0,0,0,0,0,1,0,0,0,1,0,15,2021
Bucloc,0,0,3,0,0,0,0,0,0,0,0,0,0,0,0,0,1,0,4,2021
Buenavista (AN),0,0,70,3,0,0,0,0,0,0,0,0,1,0,0,0,5,0,79,2021
Buenavista (BL),0,0,70,3,0,0,0,0,0,0,0,0,1,0,0,0,5,0,79,2021
Buenavista (GS),0,0,70,3,0,0,0,0,0,0,0,0,1,0,0,0,5,0,79,2021
Buenavista (ME),0,0,70,3,0,0,0,0,0,0,0,0,1,0,0,0,5,0,79,2021
Buenavista (QN),0,0,70,3,0,0,0,0,0,0,0,0,1,0,0,0,5,0,79,2021
Bugallon,0,0,15,2,0,0,0,0,0,0,0,0,0,0,0,0,2,0,19,2021
Bugasong,0,0,7,1,0,0,0,0,0,0,0,1,1,0,0,0,3,0,13,2021
Buguey,0,0,6,1,0,0,0,0,0,0,1,0,0,0,0,0,1,0,9,2021
Buguias,0,0,14,0,0,0,0,0,0,0,0,1,1,0,0,0,1,0,17,2021
Buhi,0,0,15,3,0,0,0,0,0,0,0,0,0,0,0,0,2,0,20,2021
Bula,0,0,11,3,0,0,0,0,0,0,0,0,0,0,0,0,2,0,16,2021
Bulakan,0,0,13,1,0,0,0,0,1,0,0,1,1,0,0,0,2,0,19,2021
Bulalacao,0,0,15,0,0,0,0,0,0,0,0,0,1,0,0,0,1,0,17,2021
Bulan,0,0,18,2,0,0,0,0,0,0,0,0,2,0,0,0,1,0,23,2021
Buldon,0,0,9,2,0,0,0,0,0,0,0,0,0,0,0,0,1,0,12,2021
Buluan,0,0,2,3,0,0,0,0,0,0,0,1,2,0,0,0,1,0,9,2021
Bulusan,0,0,24,1,0,0,0,0,0,0,0,0,1,0,0,0,1,0,27,2021
Bunawan,0,0,9,0,0,0,0,0,0,0,0,1,1,0,0,0,1,0,12,2021
Burauen,0,0,11,3,0,0,0,0,0,0,0,1,0,0,0,0,1,0,16,2021
Burdeos,0,0,14,0,0,0,0,0,0,0,0,0,0,0,0,0,1,0,15,2021
Burgos (IN),0,0,40,6,0,0,0,0,0,0,1,0,0,0,0,0,6,0,53,2021
Burgos (IS),0,0,40,6,0,0,0,0,0,0,1,0,0,0,0,0,6,0,53,2021
Burgos (IA),0,0,40,6,0,0,0,0,0,0,1,0,0,0,0,0,6,0,53,2021
Burgos (LU),0,0,40,6,0,0,0,0,0,0,1,0,0,0,0,0,6,0,53,2021
Burgos (PS),0,0,40,6,0,0,0,0,0,0,1,0,0,0,0,0,6,0,53,2021
Burgos (SN),0,0,40,6,0,0,0,0,0,0,1,0,0,0,0,0,6,0,53,2021
Buruanga,0,0,5,0,0,0,0,0,0,0,0,0,1,0,0,0,1,0,7,2021
Bustos,0,0,12,3,0,0,0,0,1,0,0,1,1,0,0,0,2,0,20,2021
Busuanga,0,0,13,0,0,0,0,0,0,0,0,0,0,0,0,0,1,0,14,2021
Butig,0,0,2,1,0,0,0,0,0,0,0,0,0,0,0,0,1,0,4,2021
Butuan,0,0,86,18,0,3,0,2,0,0,10,6,2,0,0,0,2,0,129,2021
Buug,0,0,7,1,0,0,0,0,0,0,0,1,1,0,0,0,1,0,11,2021
Caba,0,0,5,1,0,0,0,0,0,0,0,1,0,0,0,0,1,0,8,2021
Cabadbaran,0,0,19,2,0,0,0,0,0,0,2,1,2,0,0,0,1,0,27,2021
Cabagan,0,0,16,0,0,0,0,0,0,0,2,1,0,0,0,0,1,0,20,2021
Cabanatuan,0,0,34,3,1,0,0,0,0,0,0,8,0,0,0,0,7,0,53,2021
Cabangan,0,0,18,1,0,0,0,0,0,0,0,0,0,0,0,0,1,0,20,2021
Cabanglasan,0,0,15,2,0,0,0,0,0,0,0,0,0,0,0,0,1,0,18,2021
Cabarroguis,0,0,16,4,0,0,0,0,0,0,0,1,0,0,0,0,1,0,22,2021
Cabatuan (IO),0,0,17,1,0,0,0,0,0,0,0,3,0,0,0,0,2,0,23,2021
Cabatuan (IA),0,0,17,1,0,0,0,0,0,0,0,3,0,0,0,0,2,0,23,2021
Cabiao,0,0,13,4,0,0,0,0,0,0,0,1,2,0,0,0,2,0,22,2021
Cabucgayan,0,0,4,1,0,0,0,0,0,0,0,0,0,0,0,0,1,0,6,2021
Cabugao,0,0,17,1,0,0,0,0,0,0,0,2,0,0,0,1,1,0,22,2021
Cabusao,0,0,9,0,0,0,0,0,0,0,0,1,0,0,0,0,1,0,11,2021
Cabuyao,0,0,15,8,0,0,0,0,1,0,0,4,0,0,0,0,2,0,30,2021
Cadiz,0,0,25,0,0,0,0,0,0,0,0,1,0,0,0,0,1,0,27,2021
Cagayancillo,0,0,0,0,0,0,0,0,0,0,0,0,0,0,0,0,1,0,1,2021
Cagayan De Oro,0,0,33,16,0,5,0,0,1,0,0,11,0,0,0,1,27,1,95,2021
Cagdianao,0,0,4,0,0,0,0,0,0,0,0,0,0,0,0,0,1,0,5,2021
Cagwait,0,0,10,1,0,0,0,0,0,0,0,0,0,0,0,0,1,0,12,2021
Caibiran,0,0,6,1,0,0,0,0,0,0,0,0,0,0,0,0,1,0,8,2021
Cainta,0,0,24,1,0,0,0,0,0,0,0,3,1,0,0,0,7,1,37,2021
Cajidiocan,0,0,13,0,0,0,0,0,0,0,0,0,1,0,0,0,1,0,15,2021
Calabanga,0,0,18,4,0,0,0,0,0,0,0,0,0,0,0,0,3,0,25,2021
Calaca,0,0,14,2,0,0,0,0,0,0,0,1,0,0,0,0,1,0,18,2021
Calamba (LA),0,0,60,14,0,1,0,0,2,0,0,7,1,0,0,0,1,0,86,2021
Calamba (MC),0,0,4,0,0,0,0,0,0,0,0,1,0,0,0,0,1,0,6,2021
Calanasan,0,0,19,1,0,0,0,0,0,0,0,0,1,0,0,0,1,0,22,2021
Calanogas,0,0,2,1,0,0,0,0,0,0,0,0,0,0,0,0,1,0,4,2021
Calapan,0,0,60,0,0,1,0,0,0,0,0,6,0,0,0,0,3,0,70,2021
Calape,0,0,32,1,0,0,0,0,0,0,0,0,1,0,0,0,1,0,35,2021
Calasiao,0,0,25,3,0,0,0,0,0,0,0,0,0,0,0,0,2,0,30,2021
Calatagan,0,0,8,0,0,0,0,0,0,0,0,0,1,0,0,0,1,0,10,2021
Calatrava (NO),0,0,46,0,0,0,0,0,0,0,0,0,1,0,0,0,2,0,49,2021
Calatrava (RN),0,0,46,0,0,0,0,0,0,0,0,0,1,0,0,0,2,0,49,2021
Calauag,0,0,19,0,0,0,0,0,0,0,0,1,1,0,0,0,1,0,22,2021
Calauan,0,0,16,1,0,0,0,0,0,0,0,0,0,0,0,0,1,0,18,2021
Calayan,0,0,10,0,0,0,0,0,0,0,0,0,1,0,0,0,1,0,12,2021
Calbayog,0,1,23,8,0,0,0,0,0,4,4,4,0,0,0,0,6,0,50,2021
Calbiga,0,0,5,1,0,0,0,0,0,0,0,0,0,1,0,0,1,0,8,2021
Calinog,0,0,15,0,0,0,0,0,0,0,0,1,0,0,0,0,1,0,17,2021
Calintaan,0,0,7,0,0,0,0,0,0,0,0,0,0,0,0,0,1,0,8,2021
Caloocan,0,0,0,12,0,2,0,0,0,0,34,10,4,0,0,0,46,1,109,2021
Calubian,0,0,4,1,0,0,0,0,0,0,0,0,1,0,0,0,1,0,7,2021
Calumpit,0,0,27,1,0,0,0,0,0,0,0,2,0,0,0,0,2,0,32,2021
Caluya,0,0,8,0,0,0,0,0,0,0,0,0,1,0,0,0,1,0,10,2021
Camalaniugan,0,0,5,1,0,0,0,0,0,0,3,3,0,0,0,0,1,0,13,2021
Camalig,0,0,9,3,0,0,0,0,0,0,0,0,0,0,0,0,1,0,13,2021
Camaligan,0,0,4,1,0,0,0,0,0,0,0,0,0,0,0,0,1,0,6,2021
Camiling,0,0,16,1,0,0,0,0,0,0,0,3,1,0,0,0,2,0,23,2021
Canaman,0,0,26,1,0,0,0,0,0,0,0,0,0,0,0,0,1,0,28,2021
Can-Avid,0,0,5,1,0,0,0,0,0,0,0,0,1,0,0,0,1,0,8,2021
Candaba,0,0,31,1,0,0,0,0,0,0,0,0,1,0,0,0,3,0,36,2021
Candelaria (QN),0,0,42,4,0,0,0,0,0,0,0,3,1,0,0,0,2,0,52,2021
Candelaria (ZA),0,0,42,4,0,0,0,0,0,0,0,3,1,0,0,0,2,0,52,2021
Candijay,0,0,19,1,0,0,0,0,0,0,0,0,1,0,0,0,1,0,22,2021
Candon,0,0,42,1,0,0,0,0,0,0,0,4,0,0,0,0,1,0,48,2021
Candoni,0,0,9,0,0,0,0,0,0,0,0,0,0,0,0,0,1,0,10,2021
Canlaon,0,0,21,0,0,0,0,0,0,0,0,0,1,0,0,0,1,0,23,2021
Cantilan,0,0,9,1,0,0,0,0,0,0,0,0,1,0,0,0,1,0,12,2021
Caoayan,0,0,5,1,0,0,0,0,0,0,0,0,0,0,0,0,1,0,7,2021
Capalonga,0,0,8,1,0,0,0,0,0,0,0,0,1,0,0,0,1,0,11,2021
Capas,0,0,12,2,0,0,0,0,0,0,0,2,1,0,0,0,3,0,20,2021
Capoocan,0,0,5,1,0,0,0,0,0,0,0,0,0,0,0,0,1,0,7,2021
Capul,0,0,10,1,0,0,0,0,0,0,0,0,1,0,0,0,1,0,13,2021
Caraga,0,0,18,0,0,0,0,0,0,0,0,0,0,0,0,0,1,0,19,2021
Caramoan,0,0,10,0,0,0,0,0,0,0,0,0,1,0,0,0,2,0,13,2021
Caramoran,0,0,10,1,0,0,0,0,0,0,0,0,1,0,0,0,1,0,13,2021
Carasi,0,0,1,0,0,0,0,0,0,0,0,0,0,0,0,0,1,0,2,2021
Carcar,0,0,21,0,0,0,0,0,0,0,0,1,2,0,0,0,2,0,26,2021
Cardona,0,0,18,1,0,0,0,0,0,0,0,1,1,0,0,0,2,0,23,2021
Carigara,0,0,8,2,0,0,0,0,0,0,2,1,0,0,0,0,1,0,14,2021
Carles,0,0,13,1,0,0,0,0,0,0,0,0,0,0,0,0,1,0,15,2021
Carmen (AN),0,0,104,7,0,0,0,0,0,0,0,3,3,0,0,0,6,0,123,2021
Carmen (BL),0,0,104,7,0,0,0,0,0,0,0,3,3,0,0,0,6,0,123,2021
Carmen (CU),0,0,104,7,0,0,0,0,0,0,0,3,3,0,0,0,6,0,123,2021
Carmen (NC),0,0,104,7,0,0,0,0,0,0,0,3,3,0,0,0,6,0,123,2021
Carmen (DN),0,0,104,7,0,0,0,0,0,0,0,3,3,0,0,0,6,0,123,2021
Carmen (SS),0,0,104,7,0,0,0,0,0,0,0,3,3,0,0,0,6,0,123,2021
Carmona,0,0,16,2,0,0,0,0,0,0,0,1,1,0,0,0,1,0,21,2021
Carranglan,0,0,6,0,0,0,0,0,0,0,0,0,1,0,0,0,2,0,9,2021
Carrascal,0,0,9,0,0,0,0,0,0,0,0,0,1,0,0,0,1,0,11,2021
Casiguran (AU),0,0,45,2,0,0,0,0,0,0,0,0,1,0,0,0,2,0,50,2021
Casiguran (SO),0,0,45,2,0,0,0,0,0,0,0,0,1,0,0,0,2,0,50,2021
Castilla,0,0,32,2,0,0,0,0,0,0,0,1,0,0,0,0,1,0,36,2021
Castillejos,0,0,15,1,0,0,0,0,0,0,0,0,0,0,0,0,1,0,17,2021
Cataingan,0,0,17,1,0,0,0,0,0,0,0,1,0,0,0,0,1,0,20,2021
Catanauan,0,0,45,1,0,0,0,0,0,0,0,1,0,0,0,0,1,0,48,2021
Catarman (CM),0,0,13,0,0,0,0,0,0,0,0,0,1,0,0,0,1,0,15,2021
Catarman (NS),0,0,22,3,0,0,1,0,0,2,5,2,2,0,0,0,2,0,39,2021
Catbalogan,0,0,12,4,0,0,1,0,0,0,4,3,0,0,0,0,1,0,25,2021
Cateel,0,0,17,0,0,0,0,0,0,0,0,0,1,0,0,0,1,0,19,2021
Catigbian,0,0,18,1,0,0,0,0,0,0,0,1,0,0,0,0,1,0,21,2021
Catmon,0,0,19,0,0,0,0,0,0,0,0,0,0,0,0,0,1,0,20,2021
Catubig,0,0,7,1,0,0,0,0,0,0,0,0,1,0,0,0,1,0,10,2021
Cauayan (IA),1,0,55,3,0,0,0,0,0,0,11,5,3,0,0,0,2,0,80,2021
Cauayan (NO),0,0,24,1,0,0,0,0,0,0,0,0,1,0,0,0,1,0,27,2021
Cavinti,0,0,11,0,0,0,0,0,0,0,0,0,0,0,0,0,1,0,12,2021
Cavite,0,0,0,1,0,0,0,0,0,0,0,4,1,0,0,0,7,0,13,2021
Cawayan,0,0,15,1,0,0,0,0,0,0,0,0,1,0,0,0,1,0,18,2021
Cebu,0,0,79,12,1,10,0,0,1,0,0,16,3,0,0,0,6,1,129,2021
Cervantes,0,0,13,1,0,0,0,0,0,0,0,1,0,0,0,0,1,0,16,2021
Clarin (BL),0,0,16,2,0,0,0,0,0,0,0,1,2,0,0,0,2,0,23,2021
Clarin (MC),0,0,16,2,0,0,0,0,0,0,0,1,2,0,0,0,2,0,23,2021
Claver,0,0,11,0,0,0,0,0,0,0,0,0,0,0,0,0,1,0,12,2021
Claveria (CG),0,0,63,3,0,0,0,0,0,0,0,0,3,0,0,0,3,0,72,2021
Claveria (MS),0,0,63,3,0,0,0,0,0,0,0,0,3,0,0,0,3,0,72,2021
Claveria (MO),0,0,63,3,0,0,0,0,0,0,0,0,3,0,0,0,3,0,72,2021
Columbio,0,0,17,2,0,0,0,0,0,0,0,0,0,0,0,0,1,0,20,2021
Compostela (CU),0,0,33,1,0,0,0,0,0,0,0,0,2,0,0,0,2,0,38,2021
Compostela (DDO),0,0,33,1,0,0,0,0,0,0,0,0,2,0,0,0,2,0,38,2021
Concepcion (IO),0,0,48,2,0,0,0,0,0,0,0,4,0,0,0,0,6,0,60,2021
Concepcion,0,0,48,2,0,0,0,0,0,0,0,4,0,0,0,0,6,0,60,2021
Concepcion (RN),0,0,48,2,0,0,0,0,0,0,0,4,0,0,0,0,6,0,60,2021
Concepcion (TC),0,0,48,2,0,0,0,0,0,0,0,4,0,0,0,0,6,0,60,2021
Conner,0,0,22,1,0,0,0,0,0,0,0,1,0,0,0,0,1,0,25,2021
Consolacion,0,0,21,2,0,0,0,0,0,0,0,1,0,0,0,0,1,0,25,2021
Corcuera,0,0,12,0,0,0,0,0,0,0,0,0,1,0,0,0,1,0,14,2021
Cordon,0,0,25,3,0,0,0,0,0,0,1,1,0,0,0,0,1,0,31,2021
Cordova,0,0,13,2,0,0,0,0,0,0,0,0,0,0,0,0,1,0,16,2021
Corella,0,0,7,1,0,0,0,0,0,0,0,0,0,0,0,0,1,0,9,2021
Coron,0,0,20,0,0,0,0,0,0,0,0,0,1,0,0,0,1,0,22,2021
Cortes (BL),0,0,15,2,0,0,0,0,0,0,0,0,1,0,0,0,2,0,20,2021
Cortes (SS),0,0,15,2,0,0,0,0,0,0,0,0,1,0,0,0,2,0,20,2021
Cotabato,0,0,39,7,0,2,0,0,0,0,0,5,1,0,0,0,1,0,55,2021
Cuartero,0,0,18,0,0,0,0,0,0,0,0,0,0,0,0,0,1,0,19,2021
Cuenca,0,0,13,1,0,0,0,0,0,0,0,1,0,0,0,0,1,0,16,2021
Culaba,0,0,4,1,0,0,0,0,0,0,0,0,0,0,0,0,1,0,6,2021
Culasi,0,0,16,1,0,0,0,0,0,0,0,1,0,0,0,0,1,0,19,2021
Culion,0,0,10,0,0,1,0,0,0,0,0,1,0,0,0,0,1,0,13,2021
Currimao,0,0,2,1,0,0,0,0,0,0,0,0,0,0,0,0,1,0,4,2021
Cuyapo,0,0,11,1,0,0,0,0,0,0,0,0,0,0,0,0,2,0,14,2021
Cuyo,0,0,16,0,0,0,0,0,0,0,0,1,0,0,0,0,1,0,18,2021
Daan Bantayan,0,0,19,1,0,0,0,0,0,0,1,0,1,0,0,0,2,0,24,2021
Daet,0,0,22,4,0,0,0,0,0,0,1,5,0,0,0,0,3,0,35,2021
Dagami,0,0,6,2,0,0,0,0,0,0,0,0,0,0,0,0,1,0,9,2021
Dagohoy,0,0,15,1,0,0,0,0,0,0,0,0,0,0,0,0,1,0,17,2021
Daguioman,0,0,3,0,0,0,0,0,0,0,0,0,0,0,0,0,1,0,4,2021
Dagupan,0,0,14,5,0,2,0,0,1,0,0,9,1,0,0,1,1,0,34,2021
Dalaguete,0,0,33,1,0,0,0,0,0,0,0,2,0,0,0,0,2,0,38,2021
Damulog,0,0,17,0,0,0,0,0,0,0,0,0,0,0,0,0,1,0,18,2021
Danao (BL),0,0,10,0,0,0,0,0,0,0,0,0,0,0,0,0,1,0,11,2021
Danao (CU),0,0,34,1,0,0,0,0,0,0,0,1,1,0,0,0,1,1,39,2021
Dangcagan,0,0,14,0,0,0,0,0,0,0,0,0,0,0,0,0,1,0,15,2021
Danglas,0,0,5,0,0,0,0,0,0,0,0,0,0,0,0,0,1,0,6,2021
Dao,0,0,15,0,0,0,0,0,0,0,0,0,1,0,0,0,1,0,17,2021
Dapa,0,0,5,0,0,0,0,0,0,0,0,0,1,0,0,0,1,0,7,2021
Dapitan,0,0,21,1,0,0,0,0,0,0,0,1,0,0,0,0,3,0,26,2021
Daraga,0,0,20,4,0,0,0,0,0,0,0,2,0,0,0,0,1,0,27,2021
Daram,0,0,11,1,0,0,0,0,0,0,0,0,0,0,0,0,1,0,13,2021
Dasmarinas,0,0,83,28,0,1,0,0,0,0,0,7,2,0,0,0,2,1,124,2021
Dasol,0,0,16,1,0,0,0,0,0,0,0,1,0,0,0,0,1,0,19,2021
Datu Abdullah Sangki,0,0,3,2,0,0,0,0,0,0,0,0,0,0,0,0,1,0,6,2021
Datu Anggal Midtimbang,0,0,5,3,0,0,0,0,0,0,0,0,0,0,0,0,1,0,9,2021
Datu Blah Sinsuat,0,0,3,0,0,0,0,0,0,0,0,0,0,0,0,0,1,0,4,2021
Datu Hoffer Ampatuan,0,0,1,1,0,0,0,0,0,0,0,1,0,0,0,0,1,0,4,2021
Datu Odin Sinsuat,0,0,20,6,0,0,0,0,0,0,0,2,0,0,0,0,1,0,29,2021
Datu Paglas,0,0,8,3,0,0,0,0,0,0,0,0,1,0,0,0,1,0,13,2021
Datu Piang,0,0,5,2,0,0,0,0,0,0,0,0,1,0,0,0,1,0,9,2021
Datu Salibo,0,0,1,0,0,0,0,0,0,0,0,0,0,0,0,0,1,0,2,2021
Datu Saudi-Ampatuan,0,0,6,3,0,0,0,0,0,0,0,0,0,0,0,0,1,0,10,2021
Datu Unsay,0,0,2,1,0,0,0,0,0,0,0,0,0,0,0,0,1,0,4,2021
Dauin,0,0,20,1,0,0,0,0,0,0,0,0,0,0,0,0,1,0,22,2021
Dauis,0,0,12,2,0,0,0,0,0,0,0,0,0,0,0,0,1,0,15,2021
Davao,0,0,174,51,0,5,0,0,3,0,0,19,13,0,0,0,19,1,285,2021
Del Carmen,0,0,15,0,0,0,0,0,0,0,0,0,0,0,0,0,1,0,16,2021
Delfin Albano,0,0,5,0,0,0,0,0,0,0,1,0,2,0,0,0,1,0,9,2021
Del Gallego,0,0,18,0,0,0,0,0,0,0,0,0,0,0,0,0,1,0,19,2021
Diadi,0,0,3,1,0,0,0,0,0,0,0,0,1,0,0,0,1,0,6,2021
Diffun,0,0,33,5,0,0,0,0,0,0,2,0,1,0,0,0,1,0,42,2021
Digos,0,0,33,8,0,0,0,0,0,0,0,9,3,0,0,0,1,0,54,2021
Dilasag,0,0,9,0,0,0,0,0,0,0,0,0,0,0,0,0,1,0,10,2021
Dimasalang,0,0,11,0,0,0,0,0,0,0,0,0,0,0,0,0,1,0,12,2021
Dimataling,0,0,7,1,0,0,0,0,0,0,0,0,0,0,0,0,1,0,9,2021
Dimiao,0,0,7,1,0,0,0,0,0,0,0,0,0,0,0,0,1,0,9,2021
Dinagat,0,0,3,0,0,0,0,0,0,0,0,0,1,0,0,0,1,0,5,2021
Dinalungan,0,0,7,0,0,0,0,0,0,0,0,0,0,0,0,0,1,0,8,2021
Dinalupihan,0,0,33,1,0,0,0,0,0,0,0,2,1,0,0,0,3,0,40,2021
Dinapigue,0,0,5,1,0,0,0,0,0,0,0,0,0,0,0,0,1,0,7,2021
Dinas,0,0,8,1,0,0,0,0,0,0,0,0,1,0,0,0,1,0,11,2021
Dingalan,0,0,8,0,0,0,0,0,0,0,0,0,0,0,0,0,1,0,9,2021
Dingle,0,0,9,0,0,0,0,0,0,0,0,0,0,0,0,0,1,0,10,2021
Dingras,0,0,9,1,0,0,0,0,0,0,0,0,1,0,0,0,1,0,12,2021
Dipaculao,0,0,18,0,0,0,0,0,0,0,0,0,0,0,0,0,1,0,19,2021
Diplahan,0,0,6,0,0,0,0,0,0,0,0,0,1,0,0,0,1,0,8,2021
Dipolog,0,0,25,1,0,0,0,0,0,0,0,4,0,0,0,0,2,0,32,2021
Ditsaan-Ramain,0,0,3,1,0,0,0,0,0,0,0,0,0,0,0,0,1,0,5,2021
Divilacan,0,0,3,0,0,0,0,0,0,0,0,0,0,0,0,0,1,0,4,2021
Dolores (AA),0,0,31,3,0,0,0,0,0,0,1,1,2,0,0,0,3,0,41,2021
Dolores (ES),0,0,31,3,0,0,0,0,0,0,1,1,2,0,0,0,3,0,41,2021
Dolores (QN),0,0,31,3,0,0,0,0,0,0,1,1,2,0,0,0,3,0,41,2021
Don Carlos,0,0,29,3,0,0,0,0,0,0,0,2,0,0,0,0,1,0,35,2021
Don Marcelino,0,0,15,0,0,0,0,0,0,0,0,0,0,0,0,0,1,0,16,2021
Donsol,0,0,31,1,0,0,0,0,0,0,0,1,0,0,0,0,1,0,34,2021
Don Victoriano Chiongbian,0,0,2,0,0,0,0,0,0,0,0,0,0,0,0,0,1,0,3,2021
Dona Remedios Trinidad,0,0,8,1,0,0,0,0,0,0,0,0,0,0,0,0,1,0,10,2021
Duero,0,0,16,1,0,0,0,0,0,0,0,0,0,1,0,0,0,0,18,2021
Duenas,0,0,10,0,0,0,0,0,0,0,0,0,0,0,0,0,1,0,11,2021
Dulag,0,0,8,4,0,0,0,0,2,0,1,0,0,0,0,0,1,0,16,2021
Dumaguete,0,0,27,0,0,1,0,0,0,0,0,4,0,0,0,0,1,0,33,2021
Dumalag,0,0,16,0,0,0,0,0,0,0,0,0,0,0,0,0,1,0,17,2021
Dumalinao,0,0,7,0,0,0,0,0,0,0,0,0,0,0,0,0,1,0,8,2021
Dumalneg,0,0,1,1,0,0,0,0,0,0,0,0,0,0,0,0,1,0,3,2021
Dumangas,0,0,12,0,0,0,0,0,0,0,0,1,0,0,0,0,1,0,14,2021
Dumanjug,0,0,37,1,0,0,0,0,0,0,0,0,0,0,0,0,1,0,39,2021
Dumaran,0,0,20,0,0,0,0,0,0,0,0,0,1,0,0,0,1,0,22,2021
Dumarao,0,0,11,0,0,0,0,0,0,0,0,1,0,0,0,0,1,0,13,2021
Dumingag,0,0,11,1,0,0,0,0,0,0,0,0,0,0,0,0,1,0,13,2021
Dupax Del Norte,0,0,14,2,0,0,0,0,0,0,0,1,0,0,0,0,1,0,18,2021
Dupax Del Sur,0,0,15,1,0,0,0,0,0,0,0,0,0,0,0,0,1,0,17,2021
Echague,0,0,58,5,0,0,0,0,0,0,1,2,0,0,0,0,1,0,67,2021
El Nido,0,0,16,0,0,0,0,0,0,0,0,0,1,0,0,0,1,0,18,2021
El Salvador,0,0,16,1,0,0,0,0,0,0,0,0,0,0,0,0,1,0,18,2021
Enrile,0,0,17,1,0,0,0,0,0,0,0,0,0,0,0,0,1,0,19,2021
E. B. Magalona,0,0,23,0,0,0,0,0,0,0,0,0,0,0,0,0,1,0,24,2021
Enrique Villanueva,0,0,9,0,0,0,0,0,0,0,0,0,0,0,0,0,1,0,10,2021
Escalante,0,0,24,0,0,0,0,0,0,0,0,1,0,0,0,0,1,0,26,2021
Esperanza (AS),0,0,40,1,0,0,0,0,0,0,0,2,3,0,0,0,3,0,49,2021
Esperanza (MS),0,0,40,1,0,0,0,0,0,0,0,2,3,0,0,0,3,0,49,2021
Esperanza (SK),0,0,40,1,0,0,0,0,0,0,0,2,3,0,0,0,3,0,49,2021
Estancia,0,0,8,0,0,0,0,0,0,0,0,0,0,0,0,0,1,0,9,2021
Famy,0,0,0,1,0,0,0,0,0,0,0,1,0,0,0,0,1,0,3,2021
Ferrol,0,0,5,0,0,0,0,0,0,0,0,0,0,0,0,0,1,0,6,2021
Flora,0,0,15,1,0,0,0,0,0,0,0,0,1,0,0,0,1,0,18,2021
Floridablanca,0,0,16,0,0,0,0,0,0,0,0,3,0,0,0,0,2,0,21,2021
Gabaldon,0,0,13,1,0,0,0,0,0,0,0,0,1,0,0,0,1,0,16,2021
Gainza,0,0,7,0,0,0,0,0,0,0,0,0,0,0,0,0,1,0,8,2021
Galimuyod,0,0,3,1,0,0,0,0,0,0,0,0,0,0,0,0,1,0,5,2021
Gamay,0,0,5,2,0,0,0,0,0,0,0,1,1,0,0,0,1,0,10,2021
Gamu,0,0,12,1,0,0,0,0,0,0,1,0,1,0,0,0,1,0,16,2021
Ganassi,0,0,0,1,0,0,0,0,0,0,0,0,0,0,0,0,1,0,2,2021
Gandara,0,0,12,1,0,0,0,0,0,0,0,0,1,0,0,0,1,0,15,2021
Gapan,0,0,20,2,0,0,0,0,0,0,0,2,0,0,0,0,5,0,29,2021
Garchitorena,0,0,22,0,0,0,0,0,0,0,0,0,1,0,0,0,1,0,24,2021
Garcia-Hernandez,0,0,30,0,0,0,0,0,0,0,0,0,0,0,0,0,1,0,31,2021
Gasan,0,0,5,0,0,0,0,0,0,0,0,0,0,0,0,0,1,0,6,2021
Gattaran,0,0,11,2,0,0,0,0,0,0,3,0,2,0,0,0,1,0,19,2021
Gen. Emilio Aguinaldo,0,0,9,1,0,0,0,0,0,0,0,0,0,0,0,0,1,0,11,2021
General Luna (QN),0,0,24,1,0,0,0,0,0,0,0,0,0,0,0,0,2,0,27,2021
General Luna  (SN),0,0,24,1,0,0,0,0,0,0,0,0,0,0,0,0,2,0,27,2021
General Macarthur,0,0,6,0,0,0,0,0,0,0,0,1,1,0,0,0,1,0,9,2021
General Mamerto Natividad,0,0,14,0,0,0,0,0,0,0,0,0,0,0,0,0,1,0,15,2021
General Nakar,0,0,8,1,0,0,0,0,0,0,0,0,0,0,0,0,1,0,10,2021
General Santos,0,0,23,39,0,2,0,0,0,0,0,8,2,0,0,0,13,0,87,2021
General Tinio,0,0,8,1,0,0,0,0,0,0,0,1,1,0,0,0,2,0,13,2021
General Trias,0,0,25,6,0,0,0,0,0,0,0,4,2,0,0,0,1,0,38,2021
Gen. Mariano Alvarez,0,0,27,7,0,0,0,0,0,0,0,0,1,0,0,0,2,0,37,2021
Gen S.K Pendatun,0,0,7,6,0,0,0,0,0,0,0,0,0,0,0,0,1,0,14,2021
Gerona,0,0,13,4,0,0,0,0,0,0,0,1,0,0,0,0,3,0,21,2021
Getafe,0,0,24,1,0,0,0,0,0,0,0,0,0,0,0,0,1,0,26,2021
Gigaquit,0,0,5,0,0,0,0,0,0,0,0,0,0,0,0,0,1,0,6,2021
Gigmoto,0,0,3,0,0,0,0,0,0,0,0,0,1,0,0,0,1,0,5,2021
Ginatilan,0,0,4,0,0,0,0,0,0,0,0,0,0,0,0,0,1,0,5,2021
Gingoog,0,0,79,2,0,0,0,0,0,0,0,3,0,0,0,0,1,0,85,2021
Giporlos,0,0,3,1,0,0,0,0,0,0,0,0,0,0,0,0,1,0,5,2021
Gitagum,0,0,10,0,0,0,0,0,0,0,0,0,0,0,0,0,1,0,11,2021
Glan,0,0,31,2,0,0,0,0,0,0,0,0,1,0,0,0,1,0,35,2021
Gloria,0,0,27,0,0,0,0,0,0,0,0,0,0,0,0,0,1,0,28,2021
Goa,0,0,33,4,0,0,0,0,0,0,0,2,0,0,0,0,2,0,41,2021
Godod,0,0,12,1,0,0,0,0,0,0,0,0,0,0,0,0,1,0,14,2021
Gonzaga,0,0,5,1,0,0,0,0,0,0,0,1,0,0,0,0,1,0,8,2021
Governor Generoso,0,0,20,0,0,0,0,0,0,0,0,0,1,0,0,0,1,0,22,2021
Gregorio Del Pilar,0,0,2,1,0,0,0,0,0,0,0,0,0,0,0,0,1,0,4,2021
Guagua,0,0,27,0,0,0,0,0,0,0,0,3,0,0,0,0,3,0,33,2021
Gubat,0,0,38,2,0,0,0,0,0,0,0,1,0,0,0,0,1,0,42,2021
Guiguinto (BU),0,0,13,3,0,0,0,0,0,0,0,2,1,0,0,0,2,0,21,2021
Guihulngan,0,0,33,0,0,0,0,0,0,0,0,1,1,0,0,0,2,0,37,2021
Guimba,0,0,13,2,0,0,0,0,0,0,0,2,1,0,0,0,3,0,21,2021
Guimbal,0,0,9,0,0,0,0,0,0,0,0,1,0,0,0,0,1,0,11,2021
Guinayangan,0,0,10,1,0,0,0,0,0,0,0,1,0,0,0,0,1,0,13,2021
Guindulman,0,0,18,1,0,0,0,0,0,0,0,0,0,0,0,0,1,0,20,2021
Guindulungan,0,0,3,3,0,0,0,0,0,0,0,0,1,0,0,0,1,0,8,2021
Guinobatan,0,0,15,3,0,0,0,0,0,0,0,0,1,0,0,0,1,0,20,2021
Guinsiliban,0,0,6,0,0,0,0,0,0,0,0,0,0,0,0,0,1,0,7,2021
Guipos,0,0,4,0,0,0,0,0,0,0,0,0,0,0,0,0,1,0,5,2021
Guiuan,0,0,11,1,0,0,0,0,0,1,1,4,0,0,0,0,2,0,20,2021
Gumaca,0,0,10,0,0,1,0,0,0,0,0,3,0,0,0,0,1,0,15,2021
Gutalac,0,0,9,1,0,0,0,0,0,0,0,0,0,0,0,0,1,0,11,2021
Hadji Mohammad Ajul,0,0,5,0,0,0,0,0,0,0,0,0,0,0,0,0,1,0,6,2021
Hadji Muhtamad,0,0,0,1,0,0,0,0,0,0,0,0,0,0,0,0,1,0,2,2021
Hadji Panglima Tahil,0,0,2,1,0,0,0,0,0,0,0,0,0,0,0,0,1,0,4,2021
Hagonoy (BU),0,0,45,8,0,0,0,0,0,0,0,4,2,0,0,0,5,0,64,2021
Hagonoy (DS),0,0,45,8,0,0,0,0,0,0,0,4,2,0,0,0,5,0,64,2021
Hamtic,0,0,12,0,0,0,0,0,0,0,0,0,0,0,0,0,1,0,13,2021
Hermosa,0,0,19,0,0,0,0,0,0,0,0,0,0,0,0,0,1,0,20,2021
Hernani,0,0,4,1,0,0,0,0,0,0,0,0,0,0,0,0,1,0,6,2021
Hilongos,0,0,14,2,0,0,0,0,0,0,2,2,1,0,0,0,2,0,23,2021
Himamaylan,0,0,25,0,0,0,0,0,0,0,0,1,0,0,0,0,1,0,27,2021
Hinabangan,0,0,3,1,0,0,0,0,0,0,0,0,0,0,0,0,1,0,5,2021
Hinatuan,0,0,22,1,0,0,0,0,0,0,0,1,0,0,0,0,1,0,25,2021
Hindang,0,0,5,2,0,0,0,0,0,0,0,0,0,0,0,0,1,0,8,2021
Hingyon,0,0,11,0,0,0,0,0,0,0,0,0,0,0,0,0,1,0,12,2021
Hinigaran,0,0,24,0,0,0,0,0,0,0,0,0,1,0,0,0,1,0,26,2021
Hinobaan,0,0,16,0,0,0,0,0,0,0,0,0,1,0,0,0,1,0,18,2021
Hinunangan,0,0,7,1,0,0,0,0,0,0,0,0,2,0,0,0,1,0,11,2021
Hinundayan,0,0,3,1,0,0,0,0,0,0,0,0,1,0,0,0,1,0,6,2021
Hungduan,0,0,13,0,0,0,0,0,0,0,0,0,1,0,0,0,1,0,15,2021
Iba,0,0,11,0,0,1,0,0,0,0,0,2,0,0,0,0,1,0,15,2021
Ibaan,0,0,26,0,0,0,0,0,0,0,0,1,0,0,0,0,1,0,28,2021
Ibajay,0,0,11,0,0,0,0,0,0,0,0,0,1,0,0,0,2,0,14,2021
Igbaras,0,0,7,0,0,0,0,0,0,0,0,0,0,0,0,0,1,0,8,2021
Iguig,0,0,7,1,0,0,0,0,0,0,0,0,0,0,0,0,1,0,9,2021
Ilagan,0,0,92,2,0,2,0,0,1,0,6,3,1,0,0,0,2,0,109,2021
Iligan,0,0,47,2,0,0,0,0,0,0,0,7,0,0,0,0,1,0,57,2021
Ilog,0,0,15,0,0,0,0,0,0,0,0,0,0,0,0,0,1,0,16,2021
Iloilo,0,0,70,5,0,4,0,0,0,0,0,10,1,0,0,0,9,1,100,2021
Imelda,0,0,5,1,0,0,0,0,0,0,0,0,2,0,0,0,1,0,9,2021
Impasug-Ong,0,0,13,0,0,0,0,0,0,0,0,0,0,0,0,0,1,0,14,2021
Imus,0,0,94,16,0,1,0,0,0,0,0,6,0,0,0,0,3,1,121,2021
Inabanga,0,0,12,1,0,0,0,0,0,0,0,0,1,0,0,0,1,0,15,2021
Indanan,0,0,9,1,0,0,0,0,0,0,0,0,0,0,0,0,1,0,11,2021
Indang,0,0,32,1,0,0,0,0,1,0,0,0,0,0,0,0,1,0,35,2021
Infanta (PS),0,0,20,2,0,0,0,0,0,0,0,1,0,0,0,0,2,0,25,2021
Infanta (QN),0,0,20,2,0,0,0,0,0,0,0,1,0,0,0,0,2,0,25,2021
Initao,0,0,15,1,0,0,0,0,0,0,0,1,0,0,0,0,1,0,18,2021
Inopacan,0,0,6,1,0,0,0,0,0,0,0,0,0,0,0,0,1,0,8,2021
Ipil,0,0,14,2,0,0,0,0,0,0,0,4,1,0,0,0,1,0,22,2021
Iriga,0,0,14,9,1,0,0,0,0,0,0,4,0,0,0,0,0,0,28,2021
Irosin,0,0,9,3,0,0,0,0,0,0,0,1,1,0,0,0,1,0,15,2021
Isabel,0,0,6,6,0,0,0,0,0,0,1,0,2,0,0,0,1,0,16,2021
Isabela (BAS),0,0,25,2,0,0,0,0,0,0,0,4,0,0,0,0,3,0,34,2021
Isabela (NO),0,0,30,0,0,0,0,0,0,0,0,0,1,0,0,0,1,0,32,2021
Igacos,0,0,46,4,0,0,0,0,0,0,0,1,1,0,0,0,3,0,55,2021
Isulan,0,0,21,5,0,0,0,0,0,0,0,5,0,0,0,0,1,0,32,2021
Itbayat,0,0,1,0,0,0,0,0,0,0,0,0,1,0,0,0,1,0,3,2021
Itogon,0,0,14,0,0,0,0,0,0,0,0,0,1,0,0,0,1,0,16,2021
Ivana,0,0,1,0,0,0,0,0,0,0,0,0,0,0,0,0,1,0,2,2021
Ivisan,0,0,12,0,0,0,0,0,0,0,0,0,0,0,0,0,1,0,13,2021
Jabonga,0,0,14,0,0,0,0,0,0,0,0,0,2,0,0,0,1,0,17,2021
Jaen,0,0,4,2,0,0,0,0,0,0,0,0,0,0,0,0,2,0,8,2021
Jagna,0,0,32,2,0,0,0,0,0,0,5,2,0,0,0,0,2,0,43,2021
Jalajala,0,0,11,0,0,0,0,0,0,0,0,0,1,0,0,0,1,0,13,2021
Jamindan,0,0,25,0,0,0,0,0,0,0,0,0,1,0,0,0,1,0,27,2021
Janiuay,0,0,15,1,0,0,0,0,0,0,0,1,0,0,0,0,1,0,18,2021
Jaro,0,0,9,2,0,0,0,0,0,0,0,0,0,0,0,0,1,0,12,2021
Jasaan,0,0,15,1,0,0,0,0,0,0,0,1,1,0,0,0,1,0,19,2021
Javier,0,0,4,1,0,0,0,0,0,0,0,0,1,0,0,0,1,0,7,2021
Jiabong,0,0,5,2,0,0,0,0,0,0,0,0,0,0,0,0,1,0,8,2021
Jimalalud,0,0,17,0,0,0,0,0,0,0,0,0,0,0,0,0,1,0,18,2021
Jimenez,0,0,5,1,0,0,0,0,0,0,0,1,1,0,0,0,1,0,9,2021
Jipapad,0,0,4,0,0,0,0,0,0,0,0,0,0,0,0,0,1,0,5,2021
Jolo,0,0,6,1,0,0,0,0,0,0,0,2,1,0,0,0,1,0,11,2021
Jomalig,0,0,5,0,0,0,0,0,0,0,0,0,0,0,0,0,1,0,6,2021
Jones,0,0,42,2,0,0,0,0,0,0,0,1,0,0,0,0,1,0,46,2021
Jordan,0,0,14,0,0,0,0,0,0,0,0,1,0,0,0,0,1,0,16,2021
Jose Abad Santos,0,0,26,0,0,0,0,0,0,0,0,0,1,0,0,0,1,0,28,2021
Jose Dalman,0,0,15,2,0,0,0,0,0,0,0,0,0,0,0,0,1,0,18,2021
Josefina,0,0,7,1,0,0,0,0,0,0,0,0,0,0,0,0,1,0,9,2021
Jose Panganiban,0,0,26,3,0,0,0,0,0,0,0,0,2,0,0,0,2,0,33,2021
Jovellar,0,0,6,0,0,0,0,0,0,0,0,0,0,0,0,0,1,0,7,2021
Juban,0,0,25,2,0,0,0,0,0,0,0,0,0,0,0,0,1,0,28,2021
Julita,0,0,3,1,0,0,0,0,0,0,0,0,0,0,0,0,1,0,5,2021
Kabacan,0,0,24,2,0,0,0,0,0,0,0,6,1,0,0,0,1,0,34,2021
Kabankalan,0,0,43,0,0,0,0,0,0,0,0,2,2,0,0,0,1,0,48,2021
Kabasalan,0,0,7,0,0,0,0,0,0,0,0,1,1,0,0,0,1,0,10,2021
Kabayan,0,0,18,0,0,0,0,0,0,0,0,0,0,0,0,0,1,0,19,2021
Kabugao,0,0,21,2,0,0,0,0,0,0,0,0,1,0,0,0,1,0,25,2021
Kabuntalan,0,0,4,1,0,0,0,0,0,0,0,0,0,0,0,0,1,0,6,2021
Kadingilan,0,0,17,0,0,0,0,0,0,0,0,0,0,0,0,0,1,0,18,2021
Kalamansig,0,0,14,1,0,0,0,0,0,0,0,0,1,0,0,0,1,0,17,2021
Kalawit,0,0,6,1,0,0,0,0,0,0,0,0,0,0,0,0,1,0,8,2021
Kalayaan (LA),0,0,6,1,0,0,0,0,0,0,0,0,0,0,0,0,1,0,8,2021
Kalayaan (PN),,,,,,,,,,,,,,,,,,,,2021
Kalibo,0,0,17,0,0,1,0,0,0,0,0,5,0,0,0,0,2,0,25,2021
Kalilangan,0,0,14,0,0,0,0,0,0,0,0,1,1,0,0,0,1,0,17,2021
Kalingalan Caluang,0,0,5,1,0,0,0,0,0,0,0,0,0,0,0,0,1,0,7,2021
Kananga,0,0,9,2,0,0,0,0,0,0,0,0,1,0,0,0,1,0,13,2021
Kapai,0,0,2,1,0,0,0,0,0,0,0,0,0,0,0,0,1,0,4,2021
Kapalong,0,0,14,2,0,0,0,0,0,0,2,1,2,0,0,0,1,0,22,2021
Kapangan,0,0,15,0,0,0,0,0,0,0,0,0,1,0,0,0,1,0,17,2021
Kapatagan (LN),0,0,23,2,0,1,0,0,0,0,0,2,1,0,0,0,2,0,31,2021
Kapatagan (LS),0,0,23,2,0,1,0,0,0,0,0,2,1,0,0,0,2,0,31,2021
Kasibu,0,0,29,1,0,0,0,0,0,0,0,0,1,0,0,0,1,0,32,2021
Katipunan,0,0,13,1,0,0,0,0,0,0,0,0,0,0,0,0,1,0,15,2021
Kauswagan,0,0,12,1,0,0,0,0,0,0,0,0,1,0,0,0,1,0,15,2021
Kawayan,0,0,6,3,0,0,0,0,0,0,0,0,0,0,0,0,1,0,10,2021
Kawit,0,0,21,3,0,0,0,0,0,0,0,3,0,0,0,0,2,0,29,2021
Kayapa,0,0,28,3,0,0,0,0,0,0,0,1,0,0,0,0,1,0,33,2021
Kiamba,0,0,20,0,0,0,0,0,0,0,0,2,0,0,0,0,1,0,23,2021
Kiangan,0,0,13,0,0,0,0,0,0,0,0,0,0,0,0,0,1,0,14,2021
Kibawe,0,0,17,1,0,0,0,0,0,0,0,1,1,0,0,0,1,0,21,2021
Kiblawan,0,0,30,1,0,0,0,0,0,0,0,0,1,0,0,0,1,0,33,2021
Kibungan,0,0,16,0,0,0,0,0,0,0,0,0,0,0,0,0,1,0,17,2021
Kidapawan,0,0,40,6,0,0,0,0,0,0,0,5,4,0,0,0,1,0,56,2021
Kinoguitan,0,0,10,0,0,0,0,0,0,0,0,0,0,0,0,0,1,0,11,2021
Kitaotao,0,0,25,1,0,0,0,0,0,0,0,0,0,0,0,0,1,0,27,2021
Kitcharao,0,0,11,1,0,0,0,0,0,0,0,0,1,0,0,0,1,0,14,2021
Kolambugan,0,0,15,0,0,0,0,0,0,0,0,1,0,0,0,0,2,0,18,2021
Koronadal,0,0,34,8,0,1,0,0,0,0,0,4,0,0,0,0,1,0,48,2021
Kumalarang,0,0,8,1,0,0,0,0,0,0,0,0,0,0,0,0,1,0,10,2021
Laak,0,0,38,0,0,0,0,0,0,0,0,1,0,0,0,0,1,0,40,2021
Labangan,0,0,7,1,0,0,0,0,0,0,0,1,1,0,0,0,1,0,11,2021
Labason,0,0,12,1,0,0,0,0,0,0,0,0,1,0,0,0,1,0,15,2021
Labo,0,0,33,8,0,0,0,0,0,0,0,1,3,0,0,0,3,0,48,2021
Labrador,0,0,10,1,0,0,0,0,0,0,0,0,2,0,0,0,1,0,14,2021
La Carlota,0,0,14,0,0,0,0,0,0,0,0,1,0,0,0,0,1,0,16,2021
La Castellana,0,0,14,0,0,0,0,0,0,0,0,0,0,0,0,0,1,0,15,2021
Lacub,0,0,4,0,0,0,0,0,0,0,0,0,0,0,0,0,1,0,5,2021
Lagangilang,0,0,5,0,0,0,0,0,0,0,0,0,0,0,0,0,1,0,6,2021
Lagawe,0,0,20,0,0,0,0,0,0,0,1,1,0,0,0,0,1,0,23,2021
Lagayan,0,0,0,0,0,0,0,0,0,0,0,0,0,0,0,0,1,0,1,2021
Lagonglong,0,0,9,0,0,0,0,0,0,0,0,0,0,0,0,0,1,0,10,2021
Lagonoy,0,0,38,1,0,0,0,0,0,0,0,0,0,0,0,0,2,0,41,2021
Laguindingan,0,0,10,0,0,0,0,0,0,0,0,0,0,0,0,0,1,0,11,2021
Lake Sebu,0,0,19,0,0,0,0,0,0,0,0,0,1,0,0,0,1,0,21,2021
Lakewood,0,0,4,0,0,0,0,0,0,0,0,1,0,0,0,0,1,0,6,2021
Lala,0,0,26,2,0,0,0,0,0,0,0,3,1,0,0,0,1,0,33,2021
La Libertad (NR),0,0,15,1,0,0,0,0,0,0,0,0,1,0,0,0,2,0,19,2021
La Libertad (ZN),0,0,15,1,0,0,0,0,0,0,0,0,1,0,0,0,2,0,19,2021
Lallo,0,0,8,1,0,0,0,0,0,0,0,0,0,0,0,0,1,0,10,2021
Lambayong,0,0,26,2,0,0,0,0,0,0,0,1,1,0,0,0,1,0,31,2021
Lambunao,0,0,15,0,0,0,0,0,0,0,0,1,0,0,0,0,1,0,17,2021
Lamitan,0,0,15,5,0,0,0,0,0,0,0,2,0,0,0,0,3,0,25,2021
Lamut,0,0,14,0,0,0,0,0,0,0,0,1,1,0,0,0,1,0,17,2021
Langiden,0,0,0,0,0,0,0,0,0,0,0,0,0,0,0,0,1,0,1,2021
Languyan,0,0,6,1,0,0,0,0,0,0,0,0,1,0,0,0,1,0,9,2021
Lantapan,0,0,14,1,0,0,0,0,0,0,0,0,1,0,0,0,1,0,17,2021
Lantawan,0,0,9,1,0,0,0,0,0,0,0,0,0,0,0,0,1,0,11,2021
Lanuza,0,0,13,1,0,0,0,0,0,0,0,0,0,0,0,0,1,0,15,2021
Laoac,0,0,22,1,0,0,0,0,0,0,0,0,0,0,0,0,1,0,24,2021
Laoag,0,0,12,0,0,0,0,0,0,0,0,3,4,0,0,1,4,0,24,2021
Laoang,0,0,15,1,0,0,0,0,0,0,2,0,1,0,0,0,1,0,20,2021
La Paz (AA),0,0,26,2,0,0,0,0,0,0,0,0,3,0,0,0,6,0,37,2021
La Paz (AS),0,0,26,2,0,0,0,0,0,0,0,0,3,0,0,0,6,0,37,2021
La Paz (LE),0,0,26,2,0,0,0,0,0,0,0,0,3,0,0,0,6,0,37,2021
La Paz (TC),0,0,26,2,0,0,0,0,0,0,0,0,3,0,0,0,6,0,37,2021
Lapinig,0,0,4,1,0,0,0,0,0,0,0,0,0,0,0,0,1,0,6,2021
Lapu Lapu,0,0,39,7,0,1,0,0,1,0,0,3,3,0,0,0,1,0,55,2021
Lapuyan,0,0,7,3,0,0,0,0,0,0,0,0,0,0,0,0,1,0,11,2021
Larena,0,0,6,0,0,0,0,0,0,0,0,0,0,0,0,0,1,0,7,2021
Lasam,0,0,8,1,0,0,0,0,0,0,1,1,0,0,0,0,1,0,12,2021
Las Navas,0,0,7,0,0,0,0,0,0,0,0,0,0,0,0,0,1,0,8,2021
Las Nieves,0,0,20,0,0,0,0,0,0,0,0,0,1,0,0,0,1,0,22,2021
Las Pinas,0,0,0,2,0,5,0,0,0,0,25,9,1,0,0,0,31,1,74,2021
La Trinidad,0,0,20,0,0,0,0,0,0,0,0,2,1,0,0,0,1,0,24,2021
Laua-An,0,0,7,0,0,0,0,0,0,0,0,0,0,0,0,0,1,0,8,2021
Laur,0,0,10,0,0,0,0,0,0,0,0,0,0,0,0,0,1,0,11,2021
Laurel,0,0,9,0,0,0,0,0,0,0,0,0,1,0,0,0,1,0,11,2021
Lavezares,0,0,7,1,0,0,0,0,0,0,0,0,0,0,0,0,1,0,9,2021
Lawaan,0,0,3,1,0,0,0,0,0,0,0,0,0,0,0,0,1,0,5,2021
Lazi,0,0,10,0,0,0,0,0,0,0,0,0,1,0,0,0,1,0,12,2021
Lebak,0,0,27,1,0,0,0,0,0,0,0,0,4,0,0,0,1,0,33,2021
Leganes,0,0,4,0,0,0,0,0,0,0,0,0,0,0,0,0,1,0,5,2021
Legazpi,0,0,27,13,0,1,0,0,0,0,2,7,1,0,0,0,1,0,52,2021
Lemery (BS),0,0,29,1,0,0,0,0,0,0,0,4,1,0,0,0,2,0,37,2021
Lemery (IO),0,0,29,1,0,0,0,0,0,0,0,4,1,0,0,0,2,0,37,2021
Leon,0,0,9,0,0,0,0,0,0,0,0,0,0,0,0,0,1,0,10,2021
Leyte,0,0,10,1,0,0,0,0,0,0,0,0,0,0,0,0,1,0,12,2021
Lezo,0,0,5,0,0,0,0,0,0,0,0,0,0,0,0,0,1,0,6,2021
Lian,0,0,7,2,0,0,0,0,0,0,0,0,0,0,0,0,1,0,10,2021
Lianga,0,0,12,1,0,0,0,0,0,0,0,1,0,0,0,0,1,0,15,2021
Libacao,0,0,7,0,0,0,0,0,0,0,0,0,1,0,0,0,1,0,9,2021
Libagon,0,0,3,1,0,0,0,0,0,0,0,0,0,0,0,0,1,0,5,2021
Libertad (AE),0,0,19,0,0,0,0,0,0,0,0,0,0,0,0,0,2,0,21,2021
Libertad (MO),0,0,19,0,0,0,0,0,0,0,0,0,0,0,0,0,2,0,21,2021
Libjo,0,0,5,0,0,0,0,0,0,0,0,0,1,0,0,0,1,0,7,2021
Libmanan,0,0,52,3,0,0,0,0,0,0,0,1,0,0,0,0,3,0,59,2021
Libon,0,0,13,3,0,0,0,0,0,0,0,0,1,0,0,0,1,0,18,2021
Libona,0,0,14,0,0,0,0,0,0,0,0,0,0,0,0,0,1,0,15,2021
Libungan,0,0,20,4,0,0,0,0,0,0,0,1,1,0,0,0,1,0,27,2021
Licab,0,0,2,1,0,0,0,0,0,0,0,0,0,0,0,0,1,0,4,2021
Licuan-Baay,0,0,4,0,0,0,0,0,0,0,0,0,0,0,0,0,1,0,5,2021
Lidlidda,0,0,2,0,0,0,0,0,0,0,0,0,0,0,0,0,1,0,3,2021
Ligao,0,0,15,5,0,0,0,0,0,0,0,2,2,0,0,0,1,0,25,2021
Lila,0,0,5,1,0,0,0,0,0,0,0,0,0,0,0,0,1,0,7,2021
Liliw,0,1,6,1,0,0,0,0,0,0,0,0,0,0,0,0,1,0,9,2021
Liloan (CU),0,0,24,0,0,0,0,0,0,0,0,0,1,0,0,0,2,0,27,2021
Liloan (SL),0,0,24,0,0,0,0,0,0,0,0,0,1,0,0,0,2,0,27,2021
Liloy,0,0,9,1,0,0,0,0,0,0,0,0,1,0,0,0,1,0,12,2021
Limasawa,0,0,3,1,0,0,0,0,0,0,0,0,0,0,0,0,1,0,5,2021
Limay,0,0,12,0,0,0,0,0,0,0,0,0,0,0,0,0,1,0,13,2021
Linamon,0,0,7,1,0,0,0,0,0,0,0,0,0,0,0,0,1,0,9,2021
Linapacan,0,0,9,0,0,0,0,0,0,0,0,0,0,0,0,0,1,0,10,2021
Lingayen,0,0,32,4,0,0,0,0,0,0,0,2,1,0,0,0,2,0,41,2021
Lingig,0,0,18,0,0,0,0,0,0,0,0,0,1,0,0,0,1,0,20,2021
Lipa,0,0,65,2,0,1,0,0,0,0,0,9,0,0,0,0,5,0,82,2021
Llanera,0,0,18,1,0,0,0,0,0,0,0,0,0,0,0,0,1,0,20,2021
Llorente,0,0,5,1,0,0,0,0,0,0,0,0,1,0,0,0,1,0,8,2021
Loay,0,0,5,0,0,0,0,0,0,0,0,0,0,0,0,0,1,0,6,2021
Lobo,0,0,22,0,0,0,0,0,0,0,0,1,0,0,0,0,1,0,24,2021
Loboc,0,0,6,1,0,0,0,0,0,0,0,0,0,0,0,0,1,0,8,2021
Looc (OM),0,0,13,0,0,0,0,0,0,0,0,0,1,0,0,0,2,0,16,2021
Looc (RN),0,0,13,0,0,0,0,0,0,0,0,0,1,0,0,0,2,0,16,2021
Loon,0,0,13,1,0,0,0,0,0,0,0,0,1,0,0,0,2,0,17,2021
Lope De Vega,0,0,6,1,0,0,0,0,0,0,0,0,0,0,0,0,1,0,8,2021
Lopez,0,0,32,1,0,0,0,0,0,0,0,3,0,0,0,0,1,0,37,2021
Lopez Jaena,0,0,6,0,0,0,0,0,0,0,0,1,0,0,0,0,1,0,8,2021
Loreto (AS),0,0,11,0,0,0,0,0,0,0,0,0,2,0,0,0,2,0,15,2021
Loreto (DI),0,0,11,0,0,0,0,0,0,0,0,0,2,0,0,0,2,0,15,2021
Los Banos,0,0,11,0,0,1,0,0,0,0,0,4,0,0,0,0,2,0,18,2021
Luba,0,0,6,0,0,0,0,0,0,0,0,0,0,0,0,0,1,0,7,2021
Lubang,0,0,11,0,0,0,0,0,0,0,0,0,1,0,0,0,1,0,13,2021
Lubao,0,0,41,3,0,0,0,0,0,0,0,2,0,0,0,0,4,0,50,2021
Lubuagan,0,0,4,0,0,0,0,0,0,0,0,0,1,0,0,0,1,0,6,2021
Lucban,0,0,15,1,0,0,0,0,0,0,0,1,0,0,0,0,1,0,18,2021
Lucena,0,0,50,7,0,1,0,0,0,0,0,5,1,0,0,0,8,0,72,2021
Lugait,0,0,8,1,0,0,0,0,0,0,0,0,0,0,0,0,1,0,10,2021
Lugus,0,0,3,1,0,0,0,0,0,0,0,0,0,0,0,0,1,0,5,2021
Luisiana,0,0,4,0,0,0,0,0,0,0,0,1,0,0,0,0,1,0,6,2021
Lumba-Bayabao,0,0,2,1,0,0,0,0,0,0,0,0,0,0,0,0,1,0,4,2021
Lumbaca-Unayan,0,0,0,0,0,0,0,0,0,0,0,0,0,0,0,0,1,0,1,2021
Lumban,0,0,8,1,0,0,0,0,0,0,0,0,0,0,0,0,1,0,10,2021
Lumbatan,0,0,0,1,0,0,0,0,0,0,0,0,0,0,0,0,1,0,2,2021
Lumbayanague,0,0,0,1,0,0,0,0,0,0,0,0,0,0,0,0,1,0,2,2021
Luna (AO),0,0,36,2,0,0,0,0,0,0,0,1,0,0,0,0,3,0,42,2021
Luna (IA),0,0,36,2,0,0,0,0,0,0,0,1,0,0,0,0,3,0,42,2021
Luna (LU),0,0,36,2,0,0,0,0,0,0,0,1,0,0,0,0,3,0,42,2021
Lupao,0,0,5,0,0,0,0,0,0,0,0,0,0,0,0,0,1,0,6,2021
Lupi,0,0,29,1,0,0,0,0,0,0,0,0,0,0,0,0,1,0,31,2021
Lupon,0,0,23,0,0,0,0,0,0,0,0,0,2,0,0,0,1,0,26,2021
Lutayan,0,0,11,1,0,0,0,0,0,0,0,0,0,0,0,0,1,0,13,2021
Luuk,0,0,5,1,0,0,0,0,0,0,0,1,0,0,0,0,1,0,8,2021
Maasim,0,0,16,0,0,0,0,0,0,0,0,0,1,0,0,0,1,0,18,2021
Maasin (IO),0,0,12,0,0,0,0,0,0,0,0,0,0,0,0,0,1,0,13,2021
Maasin (SL),0,0,20,4,0,0,0,0,0,1,2,3,0,0,0,0,3,0,33,2021
Ma-Ayon,0,0,28,0,0,0,0,0,0,0,0,0,0,0,0,0,1,0,29,2021
Mabalacat,0,0,25,11,0,0,0,1,0,0,0,5,1,0,0,0,3,0,46,2021
Mabinay,0,0,32,0,0,0,0,0,0,0,0,0,2,0,0,0,2,0,36,2021
Mabini (BS),0,0,27,1,0,0,0,0,0,0,0,0,2,0,0,0,4,0,34,2021
Mabini (BL),0,0,27,1,0,0,0,0,0,0,0,0,2,0,0,0,4,0,34,2021
Mabini (CV),0,0,11,0,0,0,0,0,0,0,0,0,0,0,0,0,1,0,12,2021
Mabini (PS),0,0,27,1,0,0,0,0,0,0,0,0,2,0,0,0,4,0,34,2021
Mabitac,0,0,6,1,0,0,0,0,0,0,0,0,0,0,0,0,1,0,8,2021
Mabuhay,0,0,6,0,0,0,0,0,0,0,0,0,0,0,0,0,1,0,7,2021
Macabebe,0,0,21,2,0,0,0,0,0,0,0,2,0,0,0,0,2,0,27,2021
Macalelon,0,0,6,0,0,0,0,0,0,0,0,0,0,0,0,0,1,0,7,2021
Macarthur,0,0,5,1,0,0,0,0,0,0,0,0,0,0,0,0,1,0,7,2021
Maco,0,0,34,0,0,0,0,0,0,0,0,0,1,0,0,0,1,0,36,2021
Maconacon,0,0,3,1,0,0,0,0,0,0,0,0,0,0,0,0,1,0,5,2021
Macrohon,0,0,6,0,0,0,0,0,0,0,0,0,0,0,0,0,1,0,7,2021
Madalag,0,0,8,0,0,0,0,0,0,0,0,0,1,0,0,0,1,0,10,2021
Madalum,0,0,1,1,0,0,0,0,0,0,0,0,0,0,0,0,1,0,3,2021
Madamba,0,0,1,1,0,0,0,0,0,0,0,0,0,0,0,0,1,0,3,2021
Maddela,0,0,32,3,0,0,0,0,0,0,0,1,1,0,0,0,1,0,38,2021
Madrid,0,0,13,1,0,0,0,0,0,0,0,1,0,0,0,0,1,0,16,2021
Madridejos,0,0,14,0,0,0,0,0,0,0,0,0,0,0,0,0,1,0,15,2021
Magalang,0,0,28,2,0,0,0,0,1,0,0,2,1,0,0,0,2,0,36,2021
Magallanes (AN),0,0,30,4,0,0,0,0,0,0,0,0,4,0,0,0,3,0,41,2021
Magallanes (CE),0,0,30,4,0,0,0,0,0,0,0,0,4,0,0,0,3,0,41,2021
Magallanes (SO),0,0,30,4,0,0,0,0,0,0,0,0,4,0,0,0,3,0,41,2021
Magarao,0,0,16,1,0,0,0,0,0,0,0,0,0,0,0,0,1,0,18,2021
Magdalena,0,0,6,0,0,0,0,0,1,0,0,0,0,0,0,0,1,0,8,2021
Magdiwang,0,0,8,0,0,0,0,0,0,0,0,0,0,0,0,0,1,0,9,2021
Magpet,0,0,31,2,0,0,0,0,0,0,0,0,1,0,0,0,1,0,35,2021
Magsaysay (DS),0,0,50,0,0,0,0,0,0,0,0,0,0,0,0,0,4,0,54,2021
Magsaysay (LN),0,0,50,0,0,0,0,0,0,0,0,0,0,0,0,0,4,0,54,2021
Magsaysay (MO),0,0,15,1,0,0,0,0,0,0,0,0,1,0,0,0,1,0,18,2021
Magsaysay (OM),0,0,50,0,0,0,0,0,0,0,0,0,0,0,0,0,4,0,54,2021
Magsaysay (PN),0,0,50,0,0,0,0,0,0,0,0,0,0,0,0,0,4,0,54,2021
Magsingal,0,0,8,0,0,0,0,0,0,0,0,1,0,0,0,0,1,0,10,2021
Maguing,0,0,2,1,0,0,0,0,0,0,0,0,0,0,0,0,1,0,4,2021
Mahaplag,0,0,6,1,0,0,0,0,0,0,0,0,0,0,0,0,1,0,8,2021
Mahatao,0,0,0,0,0,0,0,0,0,0,0,0,0,0,0,0,1,0,1,2021
Mahayag,0,0,8,0,0,0,0,0,0,0,0,1,1,0,0,0,1,0,11,2021
Mahinog,0,0,12,0,0,0,0,0,0,0,0,0,0,0,0,0,1,0,13,2021
Maigo,0,0,13,0,0,0,0,0,0,0,0,0,0,0,0,0,1,0,14,2021
Maimbung,0,0,9,1,0,0,0,0,0,0,0,0,0,0,0,0,1,0,11,2021
Mainit,0,0,5,0,0,0,0,0,0,0,0,0,1,0,0,0,1,0,7,2021
Maitum,0,0,19,3,0,0,0,0,0,0,0,0,1,0,0,0,1,0,24,2021
Majayjay,0,0,2,0,0,0,0,0,0,0,0,1,0,0,0,0,1,0,4,2021
Makati,0,0,0,0,0,9,0,0,1,0,56,5,0,0,0,0,28,1,100,2021
Makato,0,0,8,1,0,0,0,0,0,0,0,0,0,0,0,0,1,0,10,2021
Makilala,0,0,17,3,0,0,0,0,0,0,0,2,0,0,0,0,1,0,23,2021
Malabang,0,0,1,2,0,0,0,0,0,0,0,1,1,0,0,0,1,0,6,2021
Malabon,0,0,0,3,0,0,0,0,0,0,18,3,0,0,0,0,22,1,47,2021
Malabuyoc,0,0,13,0,0,0,0,0,0,0,0,0,1,0,0,0,1,0,15,2021
Malalag,0,0,15,1,0,0,0,0,0,0,0,1,2,0,0,0,1,0,20,2021
Malangas,0,0,7,0,0,0,0,0,0,0,0,0,1,0,0,0,1,0,9,2021
Malapatan,0,0,14,2,0,0,0,0,0,0,0,0,0,0,0,0,1,0,17,2021
Malasiqui,0,0,73,5,0,0,0,0,0,0,0,0,0,0,0,0,2,0,80,2021
Malay,0,0,8,0,0,0,0,0,0,0,0,1,2,0,0,0,2,0,13,2021
Malaybalay,0,0,52,7,0,0,0,0,0,0,0,5,1,0,0,0,1,0,66,2021
Malibcong,0,0,9,0,0,0,0,0,0,0,0,0,0,0,0,0,1,0,10,2021
Malilipot,0,0,9,3,0,0,0,0,0,0,0,0,0,0,0,0,1,0,13,2021
Malimono,0,0,5,0,0,0,0,0,0,0,0,0,1,0,0,0,1,0,7,2021
Malinao (AK),0,0,15,1,0,0,0,0,1,0,0,0,0,0,0,0,2,0,19,2021
Malinao (AY),0,0,15,1,0,0,0,0,1,0,0,0,0,0,0,0,2,0,19,2021
Malita,0,0,30,1,0,0,0,0,0,0,0,2,2,0,0,0,1,0,36,2021
Malitbog (BK),0,0,17,0,0,0,0,0,0,0,0,0,1,0,0,0,2,0,20,2021
Malitbog (SL),0,0,17,0,0,0,0,0,0,0,0,0,1,0,0,0,2,0,20,2021
Mallig,0,0,18,1,0,0,0,0,0,0,1,0,0,0,0,0,1,0,21,2021
Malolos,0,0,42,9,0,3,0,0,0,0,0,12,0,0,0,1,8,0,75,2021
Malungon,0,0,32,1,0,0,0,0,0,0,0,0,1,0,0,0,1,0,35,2021
Maluso,0,0,3,1,0,0,0,0,0,0,0,0,0,0,0,0,1,0,5,2021
Malvar,0,0,15,0,0,0,0,0,0,0,0,0,0,0,0,0,1,0,16,2021
Mamasapano,1,0,6,1,0,0,0,0,0,0,0,0,0,0,0,0,1,0,9,2021
Mambajao,0,0,15,0,0,0,0,0,0,0,0,1,0,0,0,0,1,0,17,2021
Mamburao,0,0,7,0,0,0,0,0,0,0,0,1,0,0,0,0,1,0,9,2021
Mambusao,0,0,23,1,0,0,0,0,0,0,0,1,0,0,0,0,1,0,26,2021
Manabo,0,0,9,0,0,0,0,0,0,0,0,0,0,0,0,0,1,0,10,2021
Manaoag,0,0,16,0,0,0,0,0,0,0,0,1,1,0,0,0,1,0,19,2021
Manapla,0,0,17,0,0,0,0,0,0,0,0,1,0,0,0,0,1,0,19,2021
Manay,0,0,17,0,0,0,0,0,0,0,0,0,1,0,0,0,1,0,19,2021
Mandaluyong,0,0,0,0,0,6,0,0,0,0,22,5,0,1,0,3,28,1,66,2021
Mandaon,0,0,8,0,0,0,0,0,0,0,0,0,1,0,0,0,1,0,10,2021
Mandaue,0,0,27,0,0,1,0,0,2,0,0,8,1,0,0,0,1,1,41,2021
Mangaldan,0,0,20,5,0,0,0,0,0,0,0,0,0,0,0,0,2,0,27,2021
Mangatarem,0,0,15,2,0,0,0,0,0,0,0,2,2,0,0,0,2,0,23,2021
Mangudadatu,0,0,1,1,0,0,0,0,0,0,0,0,0,0,0,0,1,0,3,2021
Manila,1,0,231,11,0,15,0,1,0,0,33,36,11,0,0,0,82,1,422,2021
Manito,0,0,4,1,0,0,0,0,0,0,0,0,1,0,0,0,1,0,7,2021
Manjuyod,0,0,24,0,0,0,0,0,0,0,0,0,0,0,0,0,1,0,25,2021
Mankayan,0,0,13,0,0,0,0,0,0,0,0,1,0,0,0,0,1,0,15,2021
Manolo Fortich,0,0,22,0,0,0,0,0,0,0,0,2,0,0,0,0,1,0,25,2021
Mansalay,0,0,17,0,0,0,0,0,0,0,0,0,0,0,0,0,1,0,18,2021
Manticao,0,0,12,0,0,0,0,0,0,0,0,1,0,0,0,0,1,0,14,2021
Manukan,0,0,15,3,0,0,0,0,0,0,0,0,1,0,0,0,1,0,20,2021
Mapanas,0,0,7,1,0,0,0,0,0,0,0,0,0,0,0,0,1,0,9,2021
Mapandan,0,0,15,1,0,0,0,0,0,0,0,1,0,0,0,0,1,0,18,2021
Mapun,0,0,13,0,0,0,0,0,0,0,0,0,1,0,0,0,1,0,15,2021
Marabut,0,0,6,1,0,0,0,0,0,0,0,0,0,0,0,0,1,0,8,2021
Maragondon,0,0,11,2,0,0,0,0,0,0,0,1,0,0,0,0,1,0,15,2021
Maragusan,0,0,25,0,0,0,0,0,0,0,0,1,0,0,0,0,1,0,27,2021
Maramag,0,0,20,1,0,0,0,0,0,0,0,4,2,0,0,1,1,0,29,2021
Marantao,0,0,5,1,0,0,0,0,0,0,0,0,0,0,0,0,1,0,7,2021
Marawi,0,0,44,5,0,2,0,0,0,0,0,4,6,0,0,0,5,0,66,2021
Marcos,0,0,1,0,0,0,0,0,0,0,0,1,1,0,0,0,1,0,4,2021
Margosatubig,0,0,6,1,0,0,0,0,0,0,0,1,0,0,0,0,1,0,9,2021
Maria,0,0,7,0,0,0,0,0,0,0,0,0,0,0,0,0,1,0,8,2021
Maria Aurora,0,0,31,0,0,0,0,0,0,0,0,0,0,0,0,0,1,0,32,2021
Maribojoc,0,0,18,1,0,0,0,0,0,0,0,0,1,0,0,0,1,0,21,2021
Marihatag,0,0,11,0,0,0,0,0,0,0,0,0,1,0,0,0,1,0,13,2021
Marikina,0,0,0,3,0,4,0,0,2,0,0,9,3,0,0,0,18,1,40,2021
Marilao,0,0,14,11,0,0,0,0,0,0,0,1,0,0,0,0,2,0,28,2021
Maripipi,0,0,5,2,0,0,0,0,0,0,0,0,0,0,0,0,1,0,8,2021
Mariveles,0,0,18,3,0,0,0,0,0,0,0,3,0,0,0,0,3,0,27,2021
Marogong,0,0,1,1,0,0,0,0,0,0,0,0,0,0,0,0,1,0,3,2021
Masbate,0,0,30,4,0,0,0,1,0,0,2,2,1,0,0,0,1,0,41,2021
Masinloc,0,0,11,1,0,0,0,0,0,0,0,0,0,0,0,0,1,0,13,2021
Masiu,0,0,3,1,0,0,0,0,0,0,0,0,0,0,0,0,1,0,5,2021
Maslog,0,0,3,0,0,0,0,0,0,0,0,0,0,0,0,0,1,0,4,2021
Masantol,0,0,7,2,0,0,0,0,0,0,0,0,0,0,0,0,2,0,11,2021
Mataasnakahoy,0,0,12,1,0,0,0,0,0,0,0,0,1,0,0,0,1,0,15,2021
Matag-Ob,0,0,5,2,0,0,0,0,0,0,0,0,0,0,0,0,1,0,8,2021
Matalam,0,0,34,0,0,0,0,0,0,0,0,1,1,0,0,0,1,0,37,2021
Matalom,0,0,9,0,0,0,0,0,0,0,0,0,1,0,0,0,1,0,11,2021
Matanao,0,0,34,0,0,0,0,0,0,0,0,1,2,0,0,0,1,0,38,2021
Matanog,0,0,7,1,0,0,0,0,0,0,0,0,0,0,0,0,1,0,9,2021
Mati,0,0,34,1,0,0,0,0,0,0,0,2,0,0,0,0,1,0,38,2021
Matnog,0,0,10,1,0,0,0,0,0,0,0,0,1,0,0,0,1,0,13,2021
Matuguinao,0,0,3,1,0,0,0,0,0,0,0,0,0,0,0,0,1,0,5,2021
Matungao,0,0,3,1,0,0,0,0,0,0,0,0,0,0,0,0,1,0,5,2021
Mauban,0,0,36,0,0,0,0,0,0,0,0,1,0,0,0,0,1,0,38,2021
Mawab,0,0,11,0,0,0,0,0,0,0,0,1,2,0,0,0,1,0,15,2021
Mayantoc,0,0,6,1,0,0,0,0,0,0,0,0,0,0,0,0,1,0,8,2021
Maydolong,0,0,5,1,0,0,0,0,0,0,0,0,0,0,0,0,1,0,7,2021
Mayorga,0,0,3,3,0,0,0,0,0,0,0,0,0,0,0,0,1,0,7,2021
Mayoyao,0,0,27,0,0,0,0,0,0,0,0,0,1,0,0,0,1,0,29,2021
Medellin,0,0,19,0,0,0,0,0,0,1,0,1,0,0,0,0,1,0,22,2021
Medina,0,0,12,1,0,0,0,0,0,0,0,0,1,0,0,0,1,0,15,2021
Mendez,0,0,14,3,0,0,0,0,1,0,0,0,0,0,0,0,1,0,19,2021
Mercedes,0,0,9,2,0,0,0,0,0,0,0,0,0,0,0,0,2,0,13,2021
Mercedes (ES),0,0,9,2,0,0,0,0,0,0,0,0,0,0,0,0,2,0,13,2021
Merida,0,0,5,2,0,0,0,0,0,0,0,0,0,0,0,0,1,0,8,2021
Mexico,0,0,37,4,0,0,0,0,0,0,0,1,0,0,0,0,5,0,47,2021
Meycauayan,0,0,32,9,0,0,0,0,0,0,0,7,0,0,0,0,7,0,55,2021
Miag-ao,0,0,18,0,0,0,0,0,0,0,0,0,0,0,0,0,1,0,19,2021
Midsalip,0,0,7,0,0,0,0,0,0,0,0,0,0,0,0,0,1,0,8,2021
Midsayap,0,0,54,3,0,0,0,0,0,0,0,5,3,0,0,0,1,0,66,2021
Milagros,0,0,20,0,0,0,0,0,0,0,0,0,2,0,0,0,1,0,23,2021
Milaor,0,0,16,0,0,0,0,0,0,0,0,0,0,0,0,0,1,0,17,2021
Mina,0,0,8,0,0,0,0,0,0,0,0,0,0,0,0,0,1,0,9,2021
Minalabac,0,0,21,1,0,0,0,0,0,0,0,0,0,0,0,0,1,0,23,2021
Minalin,0,0,9,1,0,0,0,0,0,0,0,0,0,0,0,0,1,0,11,2021
Minglanilla,0,0,19,3,0,0,0,0,0,0,0,0,2,0,0,0,2,0,26,2021
Mlang,0,0,37,1,0,0,0,0,0,0,0,6,3,0,0,0,1,0,48,2021
Moalboal,0,0,15,0,0,0,0,0,0,0,0,0,0,0,0,0,1,0,16,2021
Mobo,0,0,24,0,0,0,0,0,0,0,0,0,0,0,0,0,1,0,25,2021
Mogpog,0,0,5,0,0,0,0,0,0,0,0,0,0,0,0,0,1,0,6,2021
Moises Padilla,0,0,15,0,0,0,0,0,0,0,0,0,0,0,0,0,1,0,16,2021
Molave,0,0,9,2,0,0,0,0,0,0,0,2,1,0,0,0,1,0,15,2021
Moncada,0,0,8,1,0,0,0,0,0,0,0,1,0,0,0,0,2,0,12,2021
Mondragon,0,0,4,3,0,0,0,0,0,0,1,0,0,0,0,0,1,0,9,2021
Monkayo,0,0,23,1,0,0,0,0,0,0,0,0,0,0,0,0,1,0,25,2021
Monreal,0,0,11,0,0,0,0,0,0,0,0,0,0,0,0,0,1,0,12,2021
Montevista,0,0,20,0,0,0,0,0,0,0,0,1,0,0,0,0,1,0,22,2021
Morong (BN),0,0,14,2,0,0,0,0,0,0,0,2,0,0,0,0,2,0,20,2021
Morong (RL),0,0,14,2,0,0,0,0,0,0,0,2,0,0,0,0,2,0,20,2021
Motiong,0,0,3,4,0,0,0,0,0,0,0,0,0,0,0,0,1,0,8,2021
Mulanay,0,0,23,1,0,0,0,0,0,0,0,0,0,0,0,0,1,0,25,2021
Mulondo,0,0,1,1,0,0,0,0,0,0,0,0,0,0,0,0,1,0,3,2021
Munai,0,0,3,0,0,0,0,0,0,0,0,0,0,0,0,0,1,0,4,2021
Muntinlupa,0,0,2,1,0,3,0,0,0,0,0,8,0,0,0,0,15,1,30,2021
Murcia,0,0,27,1,0,0,0,0,0,0,0,0,0,0,0,0,1,0,29,2021
Mutia,0,0,5,1,0,0,0,0,0,0,0,0,0,0,0,0,1,0,7,2021
Naawan,0,0,9,0,0,0,0,0,0,0,0,0,0,0,0,0,1,0,10,2021
Nabas,0,0,7,0,0,0,0,0,0,0,0,0,0,0,0,0,1,0,8,2021
Nabua,0,0,15,5,0,0,0,0,0,0,0,1,1,0,0,0,2,0,24,2021
Nabunturan,0,0,29,3,0,0,0,0,0,0,0,0,2,0,0,0,1,0,35,2021
Naga (CS),0,0,27,11,1,1,0,0,0,0,0,7,1,0,0,0,0,0,48,2021
Naga (CU),0,0,28,1,1,0,0,0,0,0,0,1,1,0,0,0,1,0,33,2021
Naga (ZS),0,0,8,1,0,0,0,0,0,0,0,0,1,0,0,0,1,0,11,2021
Nagbukel,0,0,5,1,0,0,0,0,0,0,0,0,0,0,0,0,1,0,7,2021
Nagcarlan,0,0,9,0,0,0,0,0,0,0,0,1,0,0,0,0,1,0,11,2021
Nagtipunan,0,0,13,1,0,0,0,0,0,0,0,0,0,0,0,0,1,0,15,2021
Naguilian (IA),0,0,50,3,0,0,0,0,0,0,0,2,0,1,0,0,2,0,58,2021
Naguilian (LU),0,0,50,3,0,0,0,0,0,0,0,2,0,1,0,0,2,0,58,2021
Naic,0,0,25,6,0,0,0,0,0,0,0,2,1,0,0,0,1,0,35,2021
Nampicuan,0,0,3,1,0,0,0,0,0,0,0,0,0,0,0,0,1,0,5,2021
Narra,0,0,23,0,0,0,0,0,0,0,0,1,0,0,0,0,1,0,25,2021
Narvacan,0,0,8,2,0,0,0,0,0,0,0,1,0,0,0,0,1,0,12,2021
Nasipit,0,0,19,1,0,0,0,0,0,0,0,0,1,0,0,0,1,0,22,2021
Nasugbu,0,0,30,4,0,0,0,0,0,0,0,4,1,0,0,0,1,0,40,2021
Natividad,0,0,19,1,0,0,0,0,0,0,0,0,0,0,0,0,1,0,21,2021
Natonin,0,0,13,0,0,0,0,0,0,0,0,0,1,0,0,0,1,0,15,2021
Naujan,0,0,68,0,0,0,0,0,0,0,0,0,1,0,0,0,3,0,72,2021
Naval,0,0,10,3,0,0,0,0,0,2,4,1,0,0,0,0,1,0,21,2021
Navotas,0,0,1,4,0,0,0,0,0,0,0,1,0,0,0,0,12,1,19,2021
New Bataan,0,0,16,1,0,0,0,0,0,0,0,0,0,0,0,0,1,0,18,2021
New Corella,0,0,20,2,0,0,0,0,1,0,0,0,0,0,0,0,1,0,24,2021
New Lucena,0,0,7,0,0,0,0,0,0,0,0,0,1,0,0,0,1,0,9,2021
New Washington,0,0,8,0,0,0,0,0,0,0,0,0,0,0,0,0,1,0,9,2021
Norala,0,0,15,1,0,0,0,0,0,0,0,1,1,0,0,0,1,0,19,2021
Northern Kabuntalan,0,0,5,1,0,0,0,0,0,0,0,0,0,0,0,0,1,0,7,2021
Norzagaray,0,0,10,0,0,0,0,0,0,0,0,1,0,0,0,0,3,0,14,2021
Noveleta,0,0,12,4,0,0,0,0,0,0,0,1,0,0,0,0,1,0,18,2021
Nueva Era,0,0,4,1,0,0,0,0,0,0,0,0,0,0,0,0,1,0,6,2021
Nueva Valencia,0,0,22,0,0,0,0,0,0,0,0,0,1,0,0,0,1,0,24,2021
Numancia,0,0,6,0,0,0,0,0,0,0,0,0,0,0,0,0,1,0,7,2021
Nunungan,0,0,1,0,0,0,0,0,0,0,0,0,0,0,0,0,1,0,2,2021
Oas,0,0,10,1,0,0,0,0,0,0,0,1,1,0,0,0,1,0,14,2021
Obando,0,0,11,0,0,0,0,0,0,0,0,0,0,0,0,0,1,0,12,2021
Ocampo,0,0,26,2,0,0,0,0,0,0,0,0,1,0,0,0,1,0,30,2021
Odiongan,0,0,22,0,0,0,0,0,0,0,0,2,2,0,0,0,1,0,27,2021
Old Panamao,0,0,7,0,0,0,0,0,0,0,0,0,1,0,0,0,1,0,9,2021
Olongapo,0,0,13,4,1,0,0,0,0,0,0,7,0,0,0,0,8,0,33,2021
Olutanga,0,0,7,1,0,0,0,0,0,0,0,0,1,0,0,0,1,0,10,2021
Omar,0,0,7,1,0,0,0,0,0,0,0,0,0,0,0,0,1,0,9,2021
Opol,0,0,14,2,0,0,0,0,0,0,0,0,0,0,0,0,1,0,17,2021
Orani,0,0,22,0,0,0,0,0,0,0,0,1,0,0,0,0,1,0,24,2021
Oras,0,0,6,1,0,0,0,0,0,0,0,1,1,0,0,0,1,0,10,2021
Orion,0,0,17,1,0,0,0,0,0,0,0,1,0,0,0,0,1,0,20,2021
Ormoc,0,0,33,13,0,1,0,0,0,6,10,4,1,0,0,0,7,0,75,2021
Oroquieta,0,0,14,2,0,0,0,0,1,0,0,2,3,0,0,0,1,0,23,2021
Oslob,0,0,19,0,0,0,0,0,0,0,0,0,1,0,0,0,1,0,21,2021
Oton,0,0,16,0,0,0,0,0,0,0,0,0,0,0,0,0,1,0,17,2021
Ozamiz,0,0,21,7,0,0,0,4,1,3,0,5,2,0,0,0,1,0,44,2021
Padada,0,0,17,1,0,0,0,0,0,0,0,2,2,0,0,0,1,0,23,2021
Padre Burgos (QN),0,0,25,0,0,0,0,0,0,0,0,0,1,0,0,0,2,0,28,2021
Padre Burgos (SL),0,0,25,0,0,0,0,0,0,0,0,0,1,0,0,0,2,0,28,2021
Padre Garcia,0,0,17,1,0,0,0,0,0,0,0,1,0,0,0,0,1,0,20,2021
Paete,0,1,8,1,0,0,0,0,0,0,0,1,0,0,0,0,1,0,12,2021
Pagadian,0,0,26,7,0,1,0,0,0,0,0,8,0,0,0,0,5,0,47,2021
Pagagawan,0,0,5,1,0,0,0,0,0,0,0,0,0,0,0,0,1,0,7,2021
Pagalungan,0,0,3,1,0,0,0,0,0,0,0,0,0,0,0,0,1,0,5,2021
Pagayawan,0,0,0,0,0,0,0,0,0,0,0,0,0,0,0,0,1,0,1,2021
Pagbilao,0,0,15,3,0,0,0,0,0,0,0,0,0,0,0,0,1,0,19,2021
Paglat,0,0,3,2,0,0,0,0,0,0,0,0,0,0,0,0,1,0,6,2021
Pagsanghan,0,0,2,1,0,0,0,0,0,0,0,0,0,0,0,0,1,0,4,2021
Pagsanjan,0,0,10,1,0,0,0,0,0,0,0,2,0,0,0,0,1,0,14,2021
Pagudpud,0,0,5,1,0,0,0,0,0,0,0,0,0,0,0,0,1,0,7,2021
Pakil,0,0,8,1,0,0,0,0,0,0,0,1,0,0,0,0,1,0,11,2021
Palanan,0,0,15,1,0,0,0,0,0,0,0,0,1,0,0,0,1,0,18,2021
Palanas,0,0,25,2,0,0,0,0,0,0,0,0,0,0,0,0,1,0,28,2021
Palapag,0,0,9,1,0,0,0,0,0,0,0,0,0,0,0,0,1,0,11,2021
Palauig,0,0,18,0,0,0,0,0,0,0,0,0,0,0,0,0,1,0,19,2021
Palayan,0,0,9,0,0,0,0,0,1,0,0,0,2,0,1,0,0,0,13,2021
Palimbang,0,0,19,2,0,0,0,0,0,0,0,0,0,0,0,0,1,0,22,2021
Palo,0,0,8,4,0,0,1,0,0,1,3,2,1,0,0,0,1,0,21,2021
Palompon,0,0,9,1,0,0,0,0,0,0,1,1,0,0,0,0,1,0,13,2021
Paluan,0,0,5,0,0,0,0,0,0,0,0,0,1,0,0,0,1,0,7,2021
Pambujan,0,0,7,1,0,0,0,0,0,0,0,1,0,0,0,0,1,0,10,2021
Pamplona (CG),0,0,38,3,0,0,0,0,0,0,0,0,0,0,0,0,3,0,44,2021
Pamplona (CS),0,0,38,3,0,0,0,0,0,0,0,0,0,0,0,0,3,0,44,2021
Pamplona (NR),0,0,38,3,0,0,0,0,0,0,0,0,0,0,0,0,3,0,44,2021
Panabo,0,0,40,10,0,0,0,0,0,0,0,6,1,0,0,0,1,0,58,2021
Panaon,0,0,3,0,0,0,0,0,0,0,0,0,0,0,0,0,1,0,4,2021
Panay,0,0,19,0,0,0,0,0,0,0,0,0,0,0,0,0,1,0,20,2021
Pandag,0,0,4,1,0,0,0,0,0,0,0,0,0,0,0,0,1,0,6,2021
Pandami,0,0,4,0,0,0,0,0,0,0,0,0,0,0,0,0,1,0,5,2021
Pandan (AE),0,0,22,1,0,0,0,0,0,0,0,1,2,0,0,0,2,0,28,2021
Pandan (CT),0,0,22,1,0,0,0,0,0,0,0,1,2,0,0,0,2,0,28,2021
Pandi,0,0,21,5,0,0,0,0,0,0,0,0,1,0,0,0,1,0,28,2021
Panganiban,0,0,5,0,0,0,0,0,0,0,0,0,1,0,0,0,1,0,7,2021
Pangantucan,0,0,19,0,0,0,0,0,0,0,0,1,1,0,0,0,1,0,22,2021
Pangil,0,0,5,1,0,0,0,0,0,0,0,0,0,0,0,0,1,0,7,2021
Panglao,0,0,10,1,0,0,0,0,0,0,0,0,0,0,0,0,1,0,12,2021
Panglima Estino,0,0,8,0,0,0,0,0,0,0,0,0,0,0,0,0,1,0,9,2021
Panglima Sugala,0,0,11,1,0,0,0,0,0,0,0,0,0,0,0,0,1,0,13,2021
Pangutaran,0,0,10,1,0,0,0,0,0,0,0,1,0,0,0,0,2,0,14,2021
Paniqui,0,0,12,1,0,0,0,0,0,0,0,3,0,0,0,0,2,0,18,2021
Panitan,0,0,26,0,0,0,0,0,0,0,0,0,0,0,0,0,1,0,27,2021
Pantabangan,0,0,6,1,0,0,0,0,0,0,0,0,0,0,0,0,1,0,8,2021
Pantao Ragat,0,0,3,0,0,0,0,0,0,0,0,0,0,0,0,0,1,0,4,2021
Pantar,0,0,3,0,0,0,0,0,0,0,0,0,0,0,0,0,1,0,4,2021
Pantukan,0,0,13,2,0,0,0,0,0,0,0,1,0,0,0,0,1,0,17,2021
Panukulan,0,0,3,0,0,0,0,0,0,0,0,0,0,0,0,0,1,0,4,2021
Paoay,0,0,7,1,0,0,0,0,0,0,0,0,0,0,0,0,1,0,9,2021
Paombong,0,0,12,3,0,0,0,0,0,0,0,1,0,0,0,0,2,0,18,2021
Paracale,0,0,25,1,0,0,0,0,0,0,0,0,0,0,0,0,1,0,27,2021
Paracelis,0,0,9,0,0,0,0,0,0,0,0,1,0,0,0,0,1,0,11,2021
Paranas,0,0,8,1,0,0,0,0,0,0,0,0,0,0,0,0,1,0,10,2021
Parang (MA),0,0,21,7,0,0,0,0,0,0,0,1,1,0,0,0,3,0,33,2021
Parang (SU),0,0,21,7,0,0,0,0,0,0,0,1,1,0,0,0,3,0,33,2021
Paranaque,0,0,1,3,0,3,0,1,1,0,0,11,0,0,0,0,16,1,37,2021
Pasacao,0,0,18,2,0,0,0,0,0,0,0,0,0,0,0,0,1,0,21,2021
Pasay,0,0,0,2,0,3,0,0,0,0,0,4,0,0,0,0,13,1,23,2021
Pasig,0,0,0,15,0,4,0,0,1,0,0,19,0,0,0,0,45,1,85,2021
Pasil,0,0,15,0,0,0,0,0,0,0,0,0,0,0,0,0,1,0,16,2021
Passi,0,0,36,1,0,0,0,0,0,0,0,1,0,0,0,0,1,0,39,2021
Pastrana,0,0,3,2,0,0,0,0,0,0,0,0,0,0,0,0,1,0,6,2021
Pasuquin,0,0,6,0,0,0,0,0,0,0,0,0,0,0,0,0,1,0,7,2021
Pata,0,0,3,1,0,0,0,0,0,0,0,0,0,0,0,0,1,0,5,2021
Pateros,0,0,0,0,0,0,0,0,0,0,0,1,0,0,0,0,5,0,6,2021
Patikul,0,0,10,0,0,0,0,0,0,0,0,0,0,0,0,0,1,0,11,2021
Patnanungan,0,0,5,0,0,0,0,0,0,0,0,0,0,0,0,0,1,0,6,2021
Patnongon,0,0,9,0,0,0,0,0,0,0,0,0,0,0,0,0,1,0,10,2021
Pavia,0,0,13,0,0,0,0,0,0,0,0,1,0,0,0,0,1,0,15,2021
Payao,0,0,8,1,0,0,0,0,0,0,0,0,0,0,0,0,1,0,10,2021
Perez,0,0,14,0,0,0,0,0,0,0,0,0,0,0,0,0,1,0,15,2021
Penablanca,0,0,24,2,0,0,0,0,0,0,0,0,0,0,0,0,1,0,27,2021
Penaranda,0,0,3,0,0,0,0,0,0,0,0,0,0,0,0,0,1,0,4,2021
Penarrubia,0,0,9,0,0,0,0,0,0,0,0,0,0,0,0,0,1,0,10,2021
Piagapo,0,0,4,1,0,0,0,0,0,0,0,0,0,0,0,0,1,0,6,2021
Piat,0,0,11,1,0,0,0,0,0,0,0,1,0,0,0,0,1,0,14,2021
Picong,0,0,3,1,0,0,0,0,0,0,0,0,0,0,0,0,1,0,5,2021
Piddig,0,0,5,0,0,0,0,0,0,0,0,0,1,0,0,0,1,0,7,2021
Pidigan,0,0,0,0,0,0,0,0,0,0,0,0,0,0,0,0,1,0,1,2021
Pigcawayan,0,0,40,1,0,0,0,0,0,0,0,0,1,0,0,0,1,0,43,2021
Pikit,0,0,23,0,0,0,0,0,0,0,0,1,1,0,0,0,1,0,26,2021
Pila,0,0,17,0,0,0,0,0,0,0,0,0,0,0,0,0,1,0,18,2021
Pilar (AA),0,0,135,2,0,0,0,0,2,0,0,0,0,0,0,0,7,0,146,2021
Pilar (BN),0,0,135,2,0,0,0,0,2,0,0,0,0,0,0,0,7,0,146,2021
Pilar (BL),0,0,135,2,0,0,0,0,2,0,0,0,0,0,0,0,7,0,146,2021
Pilar (CZ),0,0,135,2,0,0,0,0,2,0,0,0,0,0,0,0,7,0,146,2021
Pilar (CU),0,0,135,2,0,0,0,0,2,0,0,0,0,0,0,0,7,0,146,2021
Pilar (SO),0,0,135,2,0,0,0,0,2,0,0,0,0,0,0,0,7,0,146,2021
Pilar (SN),0,0,135,2,0,0,0,0,2,0,0,0,0,0,0,0,7,0,146,2021
Pili,0,0,26,4,0,0,0,0,0,0,0,0,1,0,0,0,2,0,33,2021
Pililla,0,0,9,0,0,0,0,0,0,0,0,0,0,0,0,0,1,0,10,2021
Pinabacdao,0,0,4,1,0,0,0,0,0,0,0,0,0,0,0,0,1,0,6,2021
Pinamalayan,0,0,37,0,0,0,0,0,0,0,0,2,2,0,0,0,1,0,42,2021
Pinamungajan,0,0,26,0,0,0,0,0,0,0,0,0,1,0,0,0,1,0,28,2021
Pinili,0,0,5,0,0,0,0,0,0,0,0,0,1,0,0,0,1,0,7,2021
Pintuyan,0,0,3,1,0,0,0,0,0,0,0,0,1,0,0,0,1,0,6,2021
Pinukpuk,0,0,21,0,0,0,0,0,0,0,0,0,1,0,0,0,2,0,24,2021
Pio Duran,0,0,10,2,0,0,0,0,0,0,0,0,3,0,0,0,1,0,16,2021
Pio V Corpuz,0,0,18,0,0,0,0,0,0,0,0,0,0,0,0,0,1,0,19,2021
Pitogo (QN),0,0,10,1,0,0,0,0,0,0,0,0,0,0,0,0,2,0,13,2021
Pitogo (ZR),0,0,10,1,0,0,0,0,0,0,0,0,0,0,0,0,2,0,13,2021
Pinan,0,0,9,1,0,0,0,0,0,0,0,0,1,0,0,0,1,0,12,2021
Placer (MS),0,0,31,1,0,0,0,0,0,0,0,1,0,0,0,0,2,0,35,2021
Placer (SN),0,0,31,1,0,0,0,0,0,0,0,1,0,0,0,0,2,0,35,2021
Plaridel (BU),0,0,26,7,0,0,0,0,0,0,0,7,3,0,0,0,6,0,49,2021
Plaridel (MC),0,0,26,7,0,0,0,0,0,0,0,7,3,0,0,0,6,0,49,2021
Plaridel (QN),0,0,26,7,0,0,0,0,0,0,0,7,3,0,0,0,6,0,49,2021
Pola,0,0,22,0,0,0,0,0,0,0,0,0,0,0,0,0,1,0,23,2021
Polanco,0,0,12,1,0,0,0,0,0,0,0,0,0,0,0,0,1,0,14,2021
Polangui,0,0,11,4,0,0,0,0,0,0,0,0,1,0,0,0,1,0,17,2021
Polillo,0,0,20,0,0,0,0,0,0,0,0,0,1,0,0,0,1,0,22,2021
Polomolok,0,0,29,8,0,0,0,0,0,0,0,3,1,0,0,0,1,0,42,2021
Pontevedra (CZ),0,0,38,0,0,0,0,0,0,0,0,1,0,0,0,0,2,0,41,2021
Pontevedra (NO),0,0,38,0,0,0,0,0,0,0,0,1,0,0,0,0,2,0,41,2021
Poona Bayabao,0,0,2,1,0,0,0,0,0,0,0,0,0,0,0,0,1,0,4,2021
Poona Piagapo,0,0,6,0,0,0,0,0,0,0,0,0,0,0,0,0,1,0,7,2021
Porac,0,0,25,2,0,0,0,0,0,0,0,1,0,0,0,0,2,0,30,2021
Poro,0,0,15,0,0,0,0,0,0,0,0,0,0,0,0,0,1,0,16,2021
Pototan,0,0,16,2,0,0,0,0,1,0,0,1,0,0,0,0,1,0,21,2021
Pozorrubio,0,0,33,1,0,0,0,0,0,0,0,1,0,0,0,0,1,0,36,2021
Presentacion,0,0,6,1,0,0,0,0,0,0,0,0,0,0,0,0,1,0,8,2021
President Garcia,0,0,23,1,0,0,0,0,0,0,0,0,1,0,0,0,1,0,26,2021
President Quirino,0,0,19,0,0,0,0,0,0,0,0,0,2,0,0,0,1,0,22,2021
President Roxas (CZ),0,0,40,3,0,0,0,0,0,0,0,0,1,0,0,0,2,0,46,2021
President Roxas (NC),0,0,40,3,0,0,0,0,0,0,0,0,1,0,0,0,2,0,46,2021
Roxas (ZN),0,0,17,1,0,0,0,0,0,0,0,0,0,0,0,0,1,0,19,2021
Prieto Diaz,0,0,23,1,0,0,0,0,0,0,0,0,1,0,0,0,1,0,26,2021
Prosperidad,0,0,22,1,0,1,0,0,0,0,0,1,0,0,0,0,1,0,26,2021
Pualas,0,0,0,0,0,0,0,0,0,0,0,0,0,0,0,0,1,0,1,2021
Pudtol,0,0,22,0,0,0,0,0,0,0,0,0,1,0,0,0,1,0,24,2021
Puerto Galera,0,0,13,0,0,0,0,0,0,0,0,0,2,0,0,0,1,0,16,2021
Puerto Princesa,0,0,58,0,0,1,0,0,0,0,0,4,0,0,0,0,1,1,65,2021
Pugo,0,0,5,1,0,0,0,0,0,0,0,0,0,0,0,0,1,0,7,2021
Pulilan,0,0,17,4,0,0,0,0,0,0,0,1,1,0,0,0,2,0,25,2021
Pulupandan,0,0,8,0,0,0,0,0,0,0,0,0,0,0,0,0,1,0,9,2021
Pura,0,0,12,1,0,0,0,0,0,0,0,0,0,0,0,0,1,0,14,2021
Quezon (BK),0,0,96,8,0,0,0,0,0,0,0,1,5,0,0,0,6,0,116,2021
Quezon (IA),0,0,96,8,0,0,0,0,0,0,0,1,5,0,0,0,6,0,116,2021
Quezon (MM),0,0,1,28,0,22,0,0,2,0,1,61,9,0,0,0,65,4,193,2021
Quezon (NE),0,0,96,8,0,0,0,0,0,0,0,1,5,0,0,0,6,0,116,2021
Quezon (NV),0,0,96,8,0,0,0,0,0,0,0,1,5,0,0,0,6,0,116,2021
Quezon (PN),0,0,96,8,0,0,0,0,0,0,0,1,5,0,0,0,6,0,116,2021
Quezon (QN),0,0,96,8,0,0,0,0,0,0,0,1,5,0,0,0,6,0,116,2021
Quinapondan,0,0,5,0,0,0,0,0,0,0,0,0,1,0,0,0,1,0,7,2021
Quirino (IS),0,0,9,1,0,0,0,0,0,0,0,0,1,0,0,0,1,0,12,2021
Quirino (IA),0,0,22,1,0,0,0,0,0,0,0,0,0,0,0,0,1,0,24,2021
Ragay,0,0,28,1,0,0,0,0,0,0,0,0,1,1,0,0,1,0,32,2021
Rajah Buayan,0,0,4,2,0,0,0,0,0,0,0,0,0,0,0,0,1,0,7,2021
Ramon,0,0,19,2,0,0,0,0,0,0,3,0,1,0,0,1,1,0,27,2021
Ramon Magsaysay,0,0,7,1,0,0,0,0,0,0,0,0,0,0,0,0,1,0,9,2021
Ramos,0,0,6,0,0,0,0,0,0,0,0,0,0,0,0,0,1,0,7,2021
Rapu-Rapu,0,0,7,0,0,0,0,0,0,0,0,1,0,0,0,0,1,0,9,2021
Real,0,0,10,0,0,0,0,0,0,0,0,0,0,0,0,0,1,0,11,2021
Reina Mercedes,0,0,10,1,0,0,0,0,0,0,1,0,0,0,0,0,1,0,13,2021
Remedios T. Romualdez,0,0,8,1,0,0,0,0,0,0,0,0,0,0,0,0,1,0,10,2021
Rizal (CG),0,0,32,5,0,0,0,0,0,0,1,0,0,0,0,0,5,0,43,2021
Rizal (KA),0,0,13,1,0,0,0,0,0,0,0,0,1,0,0,0,1,0,16,2021
Rizal (LA),0,0,32,5,0,0,0,0,0,0,1,0,0,0,0,0,5,0,43,2021
Rizal (NE),0,0,32,5,0,0,0,0,0,0,1,0,0,0,0,0,5,0,43,2021
Rizal (OM),0,0,32,5,0,0,0,0,0,0,1,0,0,0,0,0,5,0,43,2021
Rizal (PN),0,0,11,0,0,0,0,0,0,0,0,0,1,0,0,0,1,0,13,2021
Rizal (ZN),0,0,32,5,0,0,0,0,0,0,1,0,0,0,0,0,5,0,43,2021
Rodriguez,0,0,23,7,0,0,0,0,0,0,0,2,0,0,0,0,4,0,36,2021
Romblon,0,0,29,0,0,0,0,0,0,0,0,1,0,0,0,0,1,0,31,2021
Ronda,0,0,14,0,0,0,0,0,0,0,0,0,0,0,0,0,1,0,15,2021
Rosales,0,0,34,2,0,0,0,0,0,0,0,3,1,0,0,0,1,0,41,2021
Rosario (AS),0,0,80,10,0,0,0,0,0,0,0,9,0,0,0,0,7,0,106,2021
Rosario (BS),0,0,80,10,0,0,0,0,0,0,0,9,0,0,0,0,7,0,106,2021
Rosario (CE),0,0,80,10,0,0,0,0,0,0,0,9,0,0,0,0,7,0,106,2021
Rosario (LU),0,0,80,10,0,0,0,0,0,0,0,9,0,0,0,0,7,0,106,2021
Rosario (NS),0,0,80,10,0,0,0,0,0,0,0,9,0,0,0,0,7,0,106,2021
R.T. Lim,0,0,10,1,0,0,0,0,0,0,0,0,0,0,0,0,1,0,12,2021
Roxas (CZ),0,0,47,1,0,2,0,0,0,0,0,5,0,0,0,0,1,0,56,2021
Roxas (IA),0,0,71,1,0,0,0,0,0,0,5,5,4,0,0,0,3,0,89,2021
Roxas (OR),0,0,71,1,0,0,0,0,0,0,5,5,4,0,0,0,3,0,89,2021
Roxas (PN),0,0,71,1,0,0,0,0,0,0,5,5,4,0,0,0,3,0,89,2021
Sabangan,0,0,15,0,0,0,0,0,0,0,0,0,0,0,0,0,1,0,16,2021
Sablan,0,0,8,0,0,0,0,0,0,0,0,0,0,0,0,0,1,0,9,2021
Sablayan,0,0,20,0,0,0,0,0,0,0,0,1,1,0,0,0,3,0,25,2021
Sabtang,0,0,1,1,0,0,0,0,0,0,0,1,0,0,0,0,1,0,4,2021
Sadanga,0,0,7,0,0,0,0,0,0,0,0,0,0,0,0,0,1,0,8,2021
Sagada,0,0,8,0,0,0,0,0,0,0,0,1,0,0,0,0,1,0,10,2021
Sagay (CM),0,0,9,1,0,0,0,0,0,0,0,0,0,0,0,0,1,0,11,2021
Sagay (NO),0,0,26,4,0,0,0,0,0,0,0,2,0,0,0,0,1,0,33,2021
Sagbayan,0,0,4,0,0,0,0,0,0,0,0,0,0,0,0,0,1,0,5,2021
Saguday,0,0,9,1,0,0,0,0,0,0,1,0,0,0,0,0,1,0,12,2021
Saguiaran,0,0,6,1,0,0,0,0,0,0,0,0,0,0,0,0,1,0,8,2021
Sagnay,0,0,19,0,0,0,0,0,0,0,0,0,1,1,0,0,0,0,21,2021
Saint Bernard,0,0,7,2,0,0,0,0,0,0,0,0,0,0,0,0,1,0,10,2021
Salay,0,0,17,0,0,0,0,0,0,0,0,1,0,0,0,0,2,0,20,2021
Salcedo (ES),0,0,8,1,0,0,0,0,0,0,0,1,0,0,0,0,1,0,11,2021
Salcedo (IS),0,0,4,1,0,0,0,0,0,0,0,0,1,0,0,0,1,0,7,2021
Sallapadan,0,0,5,0,0,0,0,0,0,0,0,0,0,0,0,0,1,0,6,2021
Salug,0,0,23,1,0,0,0,0,0,0,0,0,0,0,0,0,1,0,25,2021
Salvador,0,0,9,0,0,0,0,0,0,0,0,0,0,0,0,0,1,0,10,2021
Salvador Benedicto,0,0,7,0,0,0,0,0,0,0,0,0,0,0,0,0,1,0,8,2021
Samal,0,0,14,1,0,0,0,0,0,0,0,0,0,0,0,0,1,0,16,2021
Samboan,0,0,13,0,0,0,0,0,0,0,0,0,0,0,0,0,1,0,14,2021
Sampaloc,0,0,4,0,0,0,0,0,0,0,2,8,1,0,0,0,15,0,30,2021
San Agustin (IA),0,0,31,3,0,0,0,0,0,0,0,0,1,0,0,0,3,0,38,2021
San Agustin (RN),0,0,31,3,0,0,0,0,0,0,0,0,1,0,0,0,3,0,38,2021
San Agustin (SS),0,0,31,3,0,0,0,0,0,0,0,0,1,0,0,0,3,0,38,2021
San Andres (CT),0,0,8,2,0,0,0,0,0,0,0,1,0,0,0,0,1,0,12,2021
San Andres (QN),0,0,21,0,0,0,0,0,0,0,0,0,1,0,0,0,2,0,24,2021
San Andres (RN),0,0,21,0,0,0,0,0,0,0,0,0,1,0,0,0,2,0,24,2021
San Antonio (NS),0,0,46,5,0,0,0,0,0,0,0,1,1,0,0,0,6,0,59,2021
San Antonio (NE),0,0,46,5,0,0,0,0,0,0,0,1,1,0,0,0,6,0,59,2021
San Antonio (QN),0,0,46,5,0,0,0,0,0,0,0,1,1,0,0,0,6,0,59,2021
San Antonio (ZA),0,0,46,5,0,0,0,0,0,0,0,1,1,0,0,0,6,0,59,2021
San Benito,0,0,1,0,0,0,0,0,0,0,0,0,0,0,0,0,1,0,2,2021
San Carlos (NO),0,0,115,3,0,1,0,0,0,0,0,7,0,0,0,0,7,0,133,2021
San Carlos (PS),0,0,115,3,0,1,0,0,0,0,0,7,0,0,0,0,7,0,133,2021
Sanchez-Mira,0,0,5,1,0,0,0,0,0,0,3,0,1,0,0,0,1,0,11,2021
San Clemente,0,0,10,1,0,0,0,0,0,0,0,0,0,0,0,0,1,0,12,2021
San Dionisio,0,0,6,0,0,0,0,0,0,0,0,0,0,0,0,0,1,0,7,2021
San Emilio,0,0,4,1,0,0,0,0,0,0,0,0,0,0,0,0,1,0,6,2021
San Enrique (IO),0,0,16,0,0,0,0,0,0,0,0,0,0,0,0,0,2,0,18,2021
San Enrique (NO),0,0,16,0,0,0,0,0,0,0,0,0,0,0,0,0,2,0,18,2021
San Esteban,0,0,7,1,0,0,0,0,0,0,0,0,0,0,0,0,1,0,9,2021
San Fabian,0,0,14,3,0,0,0,0,0,0,0,0,0,0,0,0,2,0,19,2021
San Felipe,0,0,11,0,0,0,0,0,0,0,0,0,0,0,0,0,1,0,12,2021
San Fernando (BK),0,0,62,3,0,0,0,0,1,0,0,0,1,0,0,0,6,0,73,2021
San Fernando (CS),0,0,62,3,0,0,0,0,1,0,0,0,1,0,0,0,6,0,73,2021
San Fernando (CU),0,0,62,3,0,0,0,0,1,0,0,0,1,0,0,0,6,0,73,2021
San Fernando (LU),0,0,105,8,0,5,0,0,0,0,0,14,1,0,0,0,6,0,139,2021
San Fernando (MS),0,0,62,3,0,0,0,0,1,0,0,0,1,0,0,0,6,0,73,2021
San Fernando (PA),0,0,105,8,0,5,0,0,0,0,0,14,1,0,0,0,6,0,139,2021
San Fernando (RN),0,0,62,3,0,0,0,0,1,0,0,0,1,0,0,0,6,0,73,2021
San Francisco (AS),0,0,28,3,0,0,0,0,0,0,0,1,1,0,0,0,3,0,36,2021
San Francisco (CU),0,0,28,3,0,0,0,0,0,0,0,1,1,0,0,0,3,0,36,2021
San Francisco (QN),0,0,15,0,0,0,0,0,0,0,0,1,0,0,0,0,1,0,17,2021
San Francisco (SL),0,0,28,3,0,0,0,0,0,0,0,1,1,0,0,0,3,0,36,2021
San Francisco (SN),0,0,6,0,0,0,0,0,0,0,0,0,0,0,0,0,1,0,7,2021
San Gabriel,0,0,11,1,0,0,0,0,0,0,0,0,0,0,0,0,1,0,13,2021
San Guillermo,0,0,6,1,0,0,0,0,0,0,1,0,0,0,0,0,1,0,9,2021
San Ildefonso (BU),0,0,34,1,0,0,0,0,0,0,0,2,0,0,0,0,4,0,41,2021
San Ildefonso (IS),0,0,34,1,0,0,0,0,0,0,0,2,0,0,0,0,4,0,41,2021
San Isidro (AA),0,0,85,5,0,0,0,0,0,0,0,1,3,0,0,0,10,0,104,2021
San Isidro (BL),0,0,85,5,0,0,0,0,0,0,0,1,3,0,0,0,10,0,104,2021
San Isidro (DN),0,0,85,5,0,0,0,0,0,0,0,1,3,0,0,0,10,0,104,2021
San Isidro (DO),0,0,85,5,0,0,0,0,0,0,0,1,3,0,0,0,10,0,104,2021
San Isidro (IA),0,0,85,5,0,0,0,0,0,0,0,1,3,0,0,0,10,0,104,2021
San Isidro (LE),0,0,85,5,0,0,0,0,0,0,0,1,3,0,0,0,10,0,104,2021
San Isidro (NS),0,0,85,5,0,0,0,0,0,0,0,1,3,0,0,0,10,0,104,2021
San Isidro (NE),0,0,85,5,0,0,0,0,0,0,0,1,3,0,0,0,10,0,104,2021
San Isidro (SN),0,0,85,5,0,0,0,0,0,0,0,1,3,0,0,0,10,0,104,2021
San Jacinto (MS),0,0,22,0,0,0,0,0,0,0,0,0,1,0,0,0,2,0,25,2021
San Jacinto (PS),0,0,22,0,0,0,0,0,0,0,0,0,1,0,0,0,2,0,25,2021
San Joaquin,0,0,15,0,0,0,0,0,0,0,0,0,1,0,0,0,1,0,17,2021
San Jorge,0,0,2,1,0,0,0,0,0,0,0,0,0,0,0,0,1,0,4,2021
San Jose (AE),0,0,25,1,0,0,0,0,0,0,0,2,0,0,0,0,2,0,30,2021
San Jose (BS),0,0,114,2,0,0,0,0,1,0,0,3,5,0,0,0,8,0,133,2021
San Jose (CS),0,0,114,2,0,0,0,0,1,0,0,3,5,0,0,0,8,0,133,2021
San Jose (DI),0,0,25,1,0,0,0,0,0,0,0,2,0,0,0,0,2,0,30,2021
San Jose (NR),0,0,114,2,0,0,0,0,1,0,0,3,5,0,0,0,8,0,133,2021
San Jose (NS),0,0,114,2,0,0,0,0,1,0,0,3,5,0,0,0,8,0,133,2021
San Jose (NE),0,0,33,6,0,0,0,0,0,0,0,3,0,0,0,0,5,0,47,2021
San Jose (OM),0,0,114,2,0,0,0,0,1,0,0,3,5,0,0,0,8,0,133,2021
San Jose (RN),0,0,114,2,0,0,0,0,1,0,0,3,5,0,0,0,8,0,133,2021
San Jose (TC),0,0,114,2,0,0,0,0,1,0,0,3,5,0,0,0,8,0,133,2021
San Jose De Buan,0,0,1,1,0,0,0,0,0,0,0,0,0,0,0,0,1,0,3,2021
San Jose Del Monte,0,0,59,20,0,1,0,0,1,0,0,6,3,0,0,0,6,1,97,2021
San Juan (AA),0,0,67,3,0,0,0,0,0,0,0,3,0,0,0,0,5,0,78,2021
San Juan (BS),0,0,67,3,0,0,0,0,0,0,0,3,0,0,0,0,5,0,78,2021
San Juan (IS),0,0,9,1,0,0,0,0,0,0,0,0,0,0,0,0,1,0,11,2021
San Juan (LU),0,0,67,3,0,0,0,0,0,0,0,3,0,0,0,0,5,0,78,2021
San Juan (MM),0,0,9,0,0,1,0,0,0,0,0,3,0,0,0,0,12,1,26,2021
San Juan (SR),0,0,67,3,0,0,0,0,0,0,0,3,0,0,0,0,5,0,78,2021
San Juan (SL),0,0,3,3,0,0,0,0,0,0,0,0,0,0,0,0,1,0,7,2021
San Julian,0,0,3,1,0,0,0,0,0,0,0,0,0,0,0,0,1,0,5,2021
San Leonardo,0,0,7,1,0,0,0,0,0,0,0,2,1,0,0,0,2,0,13,2021
San Lorenzo,0,0,12,0,0,0,0,0,0,0,0,0,0,0,0,0,1,0,13,2021
San Lorenzo Ruiz,0,0,4,1,0,0,0,0,0,0,0,0,0,0,0,0,1,0,6,2021
San Luis (AS),0,0,59,1,0,0,0,0,0,0,0,1,0,0,0,0,6,0,67,2021
San Luis (AU),0,0,59,1,0,0,0,0,0,0,0,1,0,0,0,0,6,0,67,2021
San Luis (BS),0,0,59,1,0,0,0,0,0,0,0,1,0,0,0,0,6,0,67,2021
San Luis (PA),0,0,59,1,0,0,0,0,0,0,0,1,0,0,0,0,6,0,67,2021
San Manuel (IA),0,0,31,4,0,0,0,0,0,0,0,0,0,0,0,0,3,0,38,2021
San Manuel (PS),0,0,31,4,0,0,0,0,0,0,0,0,0,0,0,0,3,0,38,2021
San Manuel (TC),0,0,31,4,0,0,0,0,0,0,0,0,0,0,0,0,3,0,38,2021
San Marcelino,0,0,17,1,0,0,0,0,0,0,0,1,0,0,0,0,1,0,20,2021
San Mariano,0,0,36,1,0,0,0,0,0,0,1,1,0,0,0,0,1,0,40,2021
San Mateo (IA),0,0,48,7,0,0,0,0,0,0,2,5,5,0,0,0,6,0,73,2021
San Mateo (RL),0,0,48,7,0,0,0,0,0,0,2,5,5,0,0,0,6,0,73,2021
San Miguel (BL),0,0,93,5,0,0,0,1,0,0,0,2,2,0,0,0,11,0,114,2021
San Miguel (BU),0,0,93,5,0,0,0,1,0,0,0,2,2,0,0,0,11,0,114,2021
San Miguel (CT),0,0,93,5,0,0,0,1,0,0,0,2,2,0,0,0,11,0,114,2021
San Miguel (IO),0,0,93,5,0,0,0,1,0,0,0,2,2,0,0,0,11,0,114,2021
San Miguel (LE),0,0,93,5,0,0,0,1,0,0,0,2,2,0,0,0,11,0,114,2021
San Miguel (SS),0,0,93,5,0,0,0,1,0,0,0,2,2,0,0,0,11,0,114,2021
San Miguel (ZR),0,0,93,5,0,0,0,1,0,0,0,2,2,0,0,0,11,0,114,2021
San Narciso (QN),0,0,41,0,0,0,0,0,0,0,0,1,0,0,0,0,2,0,44,2021
San Narciso (ZA),0,0,41,0,0,0,0,0,0,0,0,1,0,0,0,0,2,0,44,2021
San Nicolas (BS),1,0,40,2,0,0,0,0,0,0,1,1,1,0,0,0,4,0,50,2021
San Nicolas (IN),1,0,40,2,0,0,0,0,0,0,1,1,1,0,0,0,4,0,50,2021
San Nicolas (PS),1,0,40,2,0,0,0,0,0,0,1,1,1,0,0,0,4,0,50,2021
San Pablo (IA),0,0,20,1,0,0,0,0,0,0,0,0,0,0,0,0,2,0,23,2021
San Pablo (LA),0,1,77,12,1,2,0,0,0,0,0,7,0,0,0,0,6,0,106,2021
San Pablo (ZR),0,0,20,1,0,0,0,0,0,0,0,0,0,0,0,0,2,0,23,2021
San Pascual (BS),0,0,48,1,0,0,0,0,0,0,0,1,0,0,0,0,2,0,52,2021
San Pascual (MS),0,0,48,1,0,0,0,0,0,0,0,1,0,0,0,0,2,0,52,2021
San Pedro,0,0,22,4,0,0,0,0,0,0,0,6,1,0,0,0,2,0,35,2021
San Policarpo,0,0,5,4,0,0,0,0,0,0,0,0,0,0,0,0,1,0,10,2021
San Quintin (AA),0,0,23,1,0,0,0,0,0,0,0,0,1,0,0,0,2,0,27,2021
San Quintin (PS),0,0,23,1,0,0,0,0,0,0,0,0,1,0,0,0,2,0,27,2021
San Rafael (BU),0,0,30,5,0,0,0,0,0,0,0,0,0,0,0,0,4,0,39,2021
San Rafael (IO),0,0,30,5,0,0,0,0,0,0,0,0,0,0,0,0,4,0,39,2021
San Remigio (AE),0,0,35,2,0,0,0,0,0,0,1,0,0,0,0,0,3,0,41,2021
San Remigio (CU),0,0,35,2,0,0,0,0,0,0,1,0,0,0,0,0,3,0,41,2021
San Ricardo,0,0,3,1,0,0,0,0,0,0,0,0,0,0,0,0,1,0,5,2021
San Roque,0,0,5,1,0,0,0,0,0,0,1,0,0,0,0,0,1,0,8,2021
San Sebastian,0,0,2,0,0,0,0,0,0,0,0,0,0,0,0,0,1,0,3,2021
San Simon,0,0,13,1,0,0,0,0,0,0,0,0,0,0,0,0,1,0,15,2021
San Teodoro,0,0,8,0,0,0,0,0,0,0,0,0,0,0,0,0,1,0,9,2021
Santiago (AN),0,0,10,1,0,0,0,0,0,0,0,0,0,0,0,0,2,0,13,2021
Santiago (IS),0,0,10,1,0,0,0,0,0,0,0,0,0,0,0,0,2,0,13,2021
Santiago (IA),0,0,37,8,0,1,0,0,0,0,6,7,1,0,0,0,1,0,61,2021
San Vicente (CN),0,0,26,3,0,0,0,0,0,0,0,0,1,0,0,0,4,0,34,2021
San Vicente (IS),0,0,26,3,0,0,0,0,0,0,0,0,1,0,0,0,4,0,34,2021
San Vicente (NS),0,0,26,3,0,0,0,0,0,0,0,0,1,0,0,0,4,0,34,2021
San Vicente (PN),0,0,26,3,0,0,0,0,0,0,0,0,1,0,0,0,4,0,34,2021
Sapad,0,0,5,0,0,0,0,0,0,0,0,0,0,0,0,0,1,0,6,2021
Sapang Dalaga,0,0,4,0,0,0,0,0,0,0,0,0,0,0,0,0,1,0,5,2021
Sapa-Sapa,0,0,10,1,0,0,0,0,0,0,0,1,0,0,0,0,1,0,13,2021
Sapi-An,0,0,10,0,0,0,0,0,0,0,0,0,0,0,0,0,1,0,11,2021
Sara,0,0,11,0,0,0,0,0,0,0,0,1,0,0,0,0,1,0,13,2021
Sarangani,0,0,12,0,0,0,0,0,0,0,0,0,1,0,0,0,1,0,14,2021
Sariaya,0,0,28,6,0,0,0,0,0,0,0,1,1,0,0,0,1,0,37,2021
Sarrat,0,0,6,1,0,0,0,0,0,0,0,0,0,0,0,0,1,0,8,2021
Sasmuan,0,0,7,1,0,0,0,0,0,0,0,0,0,0,0,0,1,0,9,2021
Science City of Munoz,0,0,37,0,0,0,0,0,0,0,0,0,1,0,0,0,2,0,40,2021
Sebaste,0,0,6,4,0,0,0,0,0,0,0,0,1,0,0,0,1,0,12,2021
Senator Ninoy Aquino,0,0,20,1,0,0,0,0,0,0,0,0,1,0,0,0,1,0,23,2021
Sergio Osmena,0,0,10,1,0,0,0,0,0,0,0,0,0,0,0,0,1,0,12,2021
Sevilla,0,0,3,1,0,0,0,0,0,0,0,0,0,0,0,0,1,0,5,2021
Shariff Aguak,0,0,3,2,0,0,0,0,0,0,0,0,0,0,0,0,1,0,6,2021
Shariff Saydona Mustapha,0,0,2,2,0,0,0,0,0,0,0,0,0,0,0,0,1,0,5,2021
Siasi,0,0,8,0,0,0,0,0,0,0,0,1,0,0,0,0,1,0,10,2021
Siaton,0,0,26,0,0,0,0,0,0,0,0,0,1,0,0,0,1,0,28,2021
Siay,0,0,8,1,0,0,0,0,0,0,0,0,0,0,0,0,1,0,10,2021
Siayan,0,0,23,1,0,0,0,0,0,0,0,0,0,0,0,0,1,0,25,2021
Sibagat,0,0,7,0,0,0,0,0,0,0,0,0,0,0,0,0,1,0,8,2021
Sibalom,0,0,13,0,0,0,0,0,0,0,0,1,0,0,0,0,1,0,15,2021
Sibonga,0,0,10,0,0,0,0,0,0,0,0,1,0,0,0,0,1,0,12,2021
Sibuco,0,0,7,0,0,0,0,0,0,0,0,0,1,0,0,0,1,0,9,2021
Sibulan,0,0,15,0,0,0,0,0,0,0,0,1,0,0,0,0,1,0,17,2021
Sibunag,0,0,13,0,0,0,0,0,0,0,0,0,0,0,0,0,1,0,14,2021
Sibutad,0,0,7,2,0,0,0,0,0,0,0,0,1,0,0,0,1,0,11,2021
Sibutu,0,0,7,1,0,0,0,0,0,0,0,1,0,0,0,0,1,0,10,2021
Sierra Bullones,0,0,12,1,0,0,0,0,0,0,0,0,0,0,0,0,1,0,14,2021
Sigay,0,0,2,1,0,0,0,0,0,0,0,0,0,0,0,0,1,0,4,2021
Sigma,0,0,19,1,0,0,0,0,0,0,0,0,0,0,0,0,1,0,21,2021
Sikatuna,0,0,2,1,0,0,0,0,0,0,0,0,0,0,0,0,1,0,4,2021
Silago,0,0,5,3,0,0,0,0,0,0,0,0,0,0,0,0,1,0,9,2021
Silang,0,0,66,12,0,0,0,0,3,0,0,4,2,0,0,0,2,0,89,2021
Silay,0,0,22,0,0,1,0,0,0,0,0,1,0,0,0,0,1,0,25,2021
Silvino Lobos,0,0,4,1,0,0,0,0,0,0,0,0,0,0,0,0,1,0,6,2021
Simunul,0,0,6,1,0,0,0,0,0,0,0,0,0,0,0,0,1,0,8,2021
Sinacaban,0,0,4,0,0,0,0,0,0,0,0,0,1,0,0,0,1,0,6,2021
Sinait,0,0,10,0,0,0,0,0,0,0,0,3,0,0,0,0,1,0,14,2021
Sindangan,0,0,53,3,0,0,0,0,0,0,0,1,1,0,0,0,1,0,59,2021
Siniloan,0,0,16,1,0,0,0,0,0,0,0,1,0,0,0,0,1,0,19,2021
Siocon,0,0,7,1,0,0,0,0,0,0,0,0,2,0,0,0,1,0,11,2021
Sipalay,0,0,17,0,0,0,0,0,0,0,0,0,1,0,0,0,1,0,19,2021
Sipocot,0,0,45,3,0,0,0,0,0,0,0,0,2,0,0,0,1,0,51,2021
Siquijor,0,0,21,0,0,0,0,0,0,0,0,1,0,0,0,0,1,0,23,2021
Sirawai,0,0,5,0,0,0,0,0,0,0,0,0,0,0,0,0,1,0,6,2021
Siruma,0,0,4,0,0,0,0,0,0,0,0,0,1,0,0,0,1,0,6,2021
Sison (PS),0,0,29,1,0,0,0,0,0,0,0,1,0,0,0,0,3,0,34,2021
Sison (SN),0,0,29,1,0,0,0,0,0,0,0,1,0,0,0,0,3,0,34,2021
Sitangkai,0,0,3,1,0,0,0,0,0,0,0,0,0,0,0,0,1,0,5,2021
Socorro (OR),0,0,31,0,0,0,0,0,0,0,0,1,1,0,0,0,2,0,35,2021
Socorro (SN),0,0,31,0,0,0,0,0,0,0,0,1,1,0,0,0,2,0,35,2021
Sofronio Espanola,0,0,11,0,0,0,0,0,0,0,0,0,0,0,0,0,1,0,12,2021
Sogod (CU),0,0,25,1,0,0,0,0,0,1,2,4,3,0,0,0,2,0,38,2021
Sogod (SL),0,0,25,1,0,0,0,0,0,1,2,4,3,0,0,0,2,0,38,2021
Solana,0,0,38,4,0,0,0,0,0,0,1,0,0,0,0,0,1,0,44,2021
Solano,0,0,22,1,0,0,0,0,0,0,4,3,0,0,0,0,1,0,31,2021
Solsona,0,0,5,1,0,0,0,0,0,0,0,0,0,0,0,0,1,0,7,2021
Sominot,0,0,5,1,0,0,0,0,0,0,0,0,0,0,0,0,1,0,7,2021
Sorsogon,0,0,69,5,0,1,0,0,0,0,1,5,0,0,0,0,3,0,84,2021
South Ubian,0,0,6,2,0,0,0,0,0,0,0,0,0,0,0,0,2,0,10,2021
South Upi,0,0,8,1,0,0,0,0,0,0,0,0,1,0,0,0,1,0,11,2021
Santa,0,0,26,1,0,0,0,0,0,0,0,0,0,0,0,0,2,0,29,2021
Santa Ana (CG),0,0,20,1,0,0,0,0,0,0,1,3,2,0,0,0,7,0,34,2021
Santa Ana (PA),0,0,20,1,0,0,0,0,0,0,1,3,2,0,0,0,7,0,34,2021
Santa Barbara (IO),0,0,26,1,0,0,0,0,0,0,0,1,0,0,0,0,2,0,30,2021
Santa Barbara (PS),0,0,26,1,0,0,0,0,0,0,0,1,0,0,0,0,2,0,30,2021
Santa Catalina (IS),0,0,34,1,0,0,0,0,0,0,0,0,2,0,0,0,2,0,39,2021
Santa Catalina (NR),0,0,34,1,0,0,0,0,0,0,0,0,2,0,0,0,2,0,39,2021
Santa Cruz (DS),0,0,73,3,0,0,0,0,0,0,6,6,5,0,0,0,11,1,105,2021
Santa Cruz (IS),0,0,73,3,0,0,0,0,0,0,6,6,5,0,0,0,11,1,105,2021
Santa Cruz (LA),0,0,27,2,0,1,0,0,0,0,0,4,0,0,0,0,2,0,36,2021
Santa Cruz (ME),0,0,73,3,0,0,0,0,0,0,6,6,5,0,0,0,11,1,105,2021
Santa Cruz (OM),0,0,73,3,0,0,0,0,0,0,6,6,5,0,0,0,11,1,105,2021
Santa Cruz (ZA),0,0,73,3,0,0,0,0,0,0,6,6,5,0,0,0,11,1,105,2021
Santa Elena,0,0,8,2,0,0,0,0,0,0,0,1,0,1,0,0,0,0,12,2021
Santa Fe (CU),0,0,29,4,0,0,0,0,0,0,0,0,0,0,0,0,4,0,37,2021
Santa Fe (LE),0,0,29,4,0,0,0,0,0,0,0,0,0,0,0,0,4,0,37,2021
Santa Fe (NV),0,0,29,4,0,0,0,0,0,0,0,0,0,0,0,0,4,0,37,2021
Santa Fe (RN),0,0,29,4,0,0,0,0,0,0,0,0,0,0,0,0,4,0,37,2021
Santa Ignacia,0,0,4,1,0,0,0,0,0,0,0,0,0,0,0,0,1,0,6,2021
Santa Josefa,0,0,3,0,0,0,0,0,0,0,0,0,0,0,0,0,1,0,4,2021
Santa Lucia,0,0,7,0,0,0,0,0,0,0,0,1,0,0,0,0,1,0,9,2021
Santa Magdalena,0,0,3,1,0,0,0,0,0,0,0,0,0,0,0,0,1,0,5,2021
Santa Marcela,0,0,13,0,0,0,0,0,0,0,0,0,1,0,0,0,1,0,15,2021
Santa Margarita,0,0,3,1,0,0,0,0,0,0,0,0,0,0,0,0,1,0,5,2021
Santa Maria (BU),0,0,108,10,0,0,0,0,0,0,0,6,7,0,0,0,11,0,142,2021
Santa Maria (DS),0,0,108,10,0,0,0,0,0,0,0,6,7,0,0,0,11,0,142,2021
Santa Maria (IS),0,0,108,10,0,0,0,0,0,0,0,6,7,0,0,0,11,0,142,2021
Santa Maria (IA),0,0,108,10,0,0,0,0,0,0,0,6,7,0,0,0,11,0,142,2021
Santa Maria (LA),0,0,108,10,0,0,0,0,0,0,0,6,7,0,0,0,11,0,142,2021
Santa Maria (PS),0,0,108,10,0,0,0,0,0,0,0,6,7,0,0,0,11,0,142,2021
Santa Maria (Imelda),0,0,5,0,0,0,0,0,0,0,0,0,0,0,0,0,1,0,6,2021
Santa Monica,0,0,4,0,0,0,0,0,0,0,0,0,0,0,0,0,1,0,5,2021
Santander,0,0,9,0,0,0,0,0,0,0,0,0,0,0,0,0,1,0,10,2021
Santa Praxedes,0,0,0,1,0,0,0,0,0,0,0,0,0,0,0,0,1,0,2,2021
Santa Rita (PA),0,0,17,5,0,0,0,0,0,0,0,0,0,0,0,0,2,0,24,2021
Santa Rita (WS),0,0,17,5,0,0,0,0,0,0,0,0,0,0,0,0,2,0,24,2021
Santa Rosa (LA),0,0,19,3,0,2,0,0,0,0,0,9,0,0,0,0,2,0,35,2021
Santa Rosa (NE),0,0,18,2,0,0,0,0,0,0,0,0,0,0,0,0,2,0,22,2021
Santa Teresita (BS),0,0,28,1,0,0,0,0,0,0,0,0,0,0,0,0,2,0,31,2021
Santa Teresita (CG),0,0,28,1,0,0,0,0,0,0,0,0,0,0,0,0,2,0,31,2021
Santo Domingo (AY),0,0,4,3,0,0,0,0,0,0,0,0,0,0,0,0,1,0,8,2021
Santo Domingo (IS),0,0,42,3,0,0,0,0,0,0,0,1,1,0,0,0,3,0,50,2021
Santo Domingo (NE),0,0,42,3,0,0,0,0,0,0,0,1,1,0,0,0,3,0,50,2021
Santol,0,0,11,1,0,0,0,0,0,0,0,0,0,0,0,0,1,0,13,2021
Santo Nino (CG),0,0,5,1,0,0,0,0,0,0,0,0,0,0,0,0,1,0,7,2021
Santo Nino (WS),0,0,13,4,0,0,0,0,0,0,0,0,2,0,0,0,2,0,21,2021
Santo Nino (SC),0,0,13,4,0,0,0,0,0,0,0,0,2,0,0,0,2,0,21,2021
Santo Tomas (BS),0,0,70,10,0,0,0,0,0,0,0,6,5,0,0,0,6,0,97,2021
Santo Tomas (DN),0,0,70,10,0,0,0,0,0,0,0,6,5,0,0,0,6,0,97,2021
Santo Tomas (IA),0,0,70,10,0,0,0,0,0,0,0,6,5,0,0,0,6,0,97,2021
Santo Tomas (LU),0,0,70,10,0,0,0,0,0,0,0,6,5,0,0,0,6,0,97,2021
Santo Tomas (PA),0,0,70,10,0,0,0,0,0,0,0,6,5,0,0,0,6,0,97,2021
Santo Tomas (PS),0,0,70,10,0,0,0,0,0,0,0,6,5,0,0,0,6,0,97,2021
Sual,0,0,7,1,0,0,0,0,0,0,0,0,1,0,0,0,1,0,10,2021
Subic,0,0,16,3,0,1,0,0,0,0,0,0,1,0,0,0,1,0,22,2021
Sudipen,0,0,9,1,0,0,0,0,0,0,0,0,0,0,0,0,1,0,11,2021
Sugbongcogon,0,0,5,0,0,0,0,0,0,0,0,0,0,0,0,0,1,0,6,2021
Sugpon,0,0,3,1,0,0,0,0,0,0,0,0,0,0,0,0,1,0,5,2021
Sulat,0,0,5,1,0,0,0,0,0,0,0,0,0,0,0,0,1,0,7,2021
Sulop,0,0,25,2,0,0,0,0,0,0,0,0,2,0,0,0,1,0,30,2021
Sultan Dumalondong,0,0,0,1,0,0,0,0,0,0,0,0,0,0,0,0,1,0,2,2021
Sultan Kudarat,0,0,24,3,0,0,0,0,0,0,0,1,0,0,0,0,1,0,29,2021
Sultan Mastura,0,0,12,1,0,0,0,0,0,0,0,0,0,0,0,0,1,0,14,2021
Sultan Naga Dimaporo,0,0,5,0,0,0,0,0,0,0,0,0,1,0,0,0,1,0,7,2021
Sultan Sa Barongis,0,0,7,2,0,0,0,0,0,0,0,0,0,0,0,0,1,0,10,2021
Sumilao,0,0,10,0,0,0,0,0,0,0,0,1,0,0,0,0,1,0,12,2021
Sumisip,0,0,16,1,0,0,0,0,0,0,0,0,1,0,0,0,1,0,19,2021
Surallah,0,0,19,4,0,0,0,0,0,0,0,3,1,0,0,0,1,0,28,2021
Surigao,0,0,47,0,0,2,0,0,1,0,0,4,1,0,0,0,6,0,61,2021
Suyo,0,0,8,1,0,0,0,0,0,0,0,0,0,0,0,0,1,0,10,2021
Taal,0,0,20,1,0,0,0,0,0,0,0,1,0,0,0,0,2,0,24,2021
Tabaco,0,0,18,6,0,0,0,0,0,0,0,5,2,0,0,0,1,0,32,2021
Tabango,0,0,9,2,0,0,0,0,0,0,0,0,1,0,0,0,1,0,13,2021
Tabina,0,0,4,1,0,0,0,0,0,0,0,0,0,0,0,0,1,0,6,2021
Tabogon,0,0,20,0,0,0,0,0,0,0,0,0,0,0,0,0,1,0,21,2021
Tabontabon,0,0,2,1,0,0,0,0,0,0,0,0,0,0,0,0,1,0,4,2021
Tabuan-Lasa,0,0,3,1,0,0,0,0,0,0,0,0,0,0,0,0,1,0,5,2021
Tabuelan,0,0,12,0,0,0,0,0,0,0,0,0,0,0,0,0,1,0,13,2021
Tabuk,0,0,38,1,0,0,0,0,0,0,0,5,2,0,0,0,4,0,50,2021
Tacloban,0,0,24,8,1,2,0,2,0,8,9,6,0,0,0,0,6,0,66,2021
Tacurong,0,0,25,2,0,0,1,0,0,0,0,9,5,0,0,0,1,0,43,2021
Tadian,0,0,19,0,0,0,0,0,0,0,0,0,0,0,0,0,1,0,20,2021
Taft,0,0,5,2,0,0,0,0,0,0,1,0,1,0,0,0,1,0,10,2021
Tagana-An,0,0,4,0,0,0,0,0,0,0,0,0,0,0,0,0,1,0,5,2021
Tagapul-An,0,0,3,1,0,0,0,0,0,0,0,0,0,0,0,0,1,0,5,2021
Tagaytay,0,0,32,3,0,0,0,0,3,0,0,2,1,0,0,0,1,0,42,2021
Tagbilaran,0,0,17,7,0,2,0,0,0,0,0,8,0,0,0,0,1,0,35,2021
Tagbina,0,0,24,1,0,0,0,0,0,0,0,0,0,0,0,0,1,0,26,2021
Tagkawayan,0,0,45,0,0,0,0,0,0,0,0,1,0,0,0,0,1,0,47,2021
Tago,0,0,12,1,0,0,0,0,0,0,0,0,0,0,0,0,1,0,14,2021
Tagoloan (LN),0,0,13,1,0,0,0,0,0,0,0,1,1,0,0,0,2,0,18,2021
Tagoloan (MO),0,0,13,1,0,0,0,0,0,0,0,1,1,0,0,0,2,0,18,2021
Tagoloan Ii,0,0,0,1,0,0,0,0,0,0,0,0,0,0,0,0,1,0,2,2021
Tagudin,0,0,41,0,0,0,0,0,0,0,0,1,0,0,0,0,1,0,43,2021
Taguig,0,0,0,7,0,5,0,0,1,0,1,8,1,0,0,0,35,1,59,2021
Tagum,0,0,31,10,0,1,0,0,0,0,0,7,0,0,0,0,1,0,50,2021
Talacogon,0,0,14,0,0,0,0,0,0,0,0,1,0,0,0,0,1,0,16,2021
Talaingod,0,0,3,1,0,0,0,0,0,0,0,0,0,0,0,0,1,0,5,2021
Talakag,0,0,10,0,0,0,0,0,0,0,0,0,1,0,0,0,1,0,12,2021
Talalora,0,0,4,1,0,0,0,0,0,0,0,0,0,0,0,0,1,0,6,2021
Talavera,0,0,17,5,0,0,0,0,0,0,0,1,0,0,0,0,3,0,26,2021
Talayan,0,0,6,2,0,0,0,0,0,0,0,0,0,0,0,0,1,0,9,2021
Talibon,0,0,25,2,0,0,0,0,0,0,0,1,0,0,0,0,1,0,29,2021
Talipao,0,0,10,1,0,0,0,0,0,0,0,0,0,0,0,0,1,0,12,2021
Talisay (BS),0,0,20,1,0,0,0,0,1,0,0,1,0,0,0,0,2,0,25,2021
Talisay (CN),0,0,20,1,0,0,0,0,1,0,0,1,0,0,0,0,2,0,25,2021
Talisay  (CU),0,0,49,1,0,0,0,0,0,0,0,1,0,0,0,0,4,1,56,2021
Talisay (NO),0,0,49,1,0,0,0,0,0,0,0,1,0,0,0,0,4,1,56,2021
Talisayan,0,0,7,0,0,0,0,0,0,0,0,1,0,0,0,0,1,0,9,2021
Talitay,0,0,2,1,0,0,0,0,0,0,0,0,0,0,0,0,1,0,4,2021
Talugtug,0,0,5,0,0,0,0,0,0,0,0,0,0,0,0,0,1,0,6,2021
Talusan,0,0,4,1,0,0,0,0,0,0,0,0,0,0,0,0,1,0,6,2021
Tambulig,0,0,5,4,0,0,0,0,0,0,0,0,1,0,0,0,1,0,11,2021
Tampakan,0,0,16,1,0,0,0,0,0,0,0,0,0,0,0,0,1,0,18,2021
Tamparan,0,0,0,1,0,0,0,0,0,0,0,2,0,0,0,0,1,0,4,2021
Tampilisan,0,0,4,1,0,0,0,0,0,0,0,0,0,0,0,0,1,0,6,2021
Tanauan (BS),0,0,45,4,0,1,0,0,0,0,0,5,1,0,0,0,2,0,58,2021
Tanauan (LE),0,0,6,3,0,0,0,0,0,0,1,0,0,0,0,0,1,0,11,2021
Tanay,0,0,19,1,0,0,0,0,0,0,0,1,1,0,0,0,3,0,25,2021
Tandag,0,0,12,2,0,0,0,0,0,0,0,1,0,0,0,0,1,0,16,2021
Tandubas,0,0,6,1,0,0,0,0,0,0,0,0,0,0,0,0,1,0,8,2021
Tangalan,0,0,5,0,0,0,0,0,0,0,0,0,0,0,0,0,1,0,6,2021
Tangcal,0,0,2,0,0,0,0,0,0,0,0,0,0,0,0,0,1,0,3,2021
Tangub,0,0,13,0,0,0,0,0,0,0,0,1,2,0,0,0,1,0,17,2021
Tanjay,0,0,25,0,0,0,0,0,0,0,0,0,0,0,0,0,2,0,27,2021
Tantangan,0,0,13,1,0,0,0,0,0,0,0,0,0,0,0,0,1,0,15,2021
Tanudan,0,0,12,0,0,0,0,0,0,0,0,1,0,0,0,0,1,0,14,2021
Tanza,0,0,42,14,0,0,0,0,0,0,0,3,1,0,0,0,1,0,61,2021
Tapaz,0,0,48,0,0,0,0,0,0,0,0,0,1,0,0,0,1,0,50,2021
Tapul,0,0,3,1,0,0,0,0,0,0,0,0,1,0,0,0,1,0,6,2021
Taraka,0,0,2,1,0,0,0,0,0,0,0,0,0,0,0,0,1,0,4,2021
Tarangnan,0,0,6,0,0,0,0,0,0,0,0,0,1,0,0,0,1,0,8,2021
Tarlac,0,0,51,7,1,3,0,0,1,0,0,7,2,0,0,0,10,0,82,2021
Tarragona,0,0,12,0,0,0,0,0,0,0,0,0,0,0,0,0,1,0,13,2021
Tayabas,0,0,17,18,0,0,0,0,0,0,0,1,0,0,0,0,1,0,37,2021
Tayasan,0,0,9,0,0,0,0,0,0,0,0,0,1,0,0,0,1,0,11,2021
Taysan,0,0,19,1,0,0,0,0,0,0,0,0,0,0,0,0,1,0,21,2021
Taytay (PN),0,0,69,12,0,0,0,0,0,0,0,4,1,0,0,0,9,0,95,2021
Taytay (RL),0,0,69,12,0,0,0,0,0,0,0,4,1,0,0,0,9,0,95,2021
Tayug,0,0,21,1,0,0,0,0,0,0,0,2,0,0,0,0,1,0,25,2021
Tayum,0,0,2,0,0,0,0,0,0,0,0,0,0,0,0,0,1,0,3,2021
Teresa,0,0,9,2,0,0,0,0,0,0,0,1,0,0,0,0,1,0,13,2021
Ternate,0,0,2,2,0,0,0,0,0,0,0,0,0,0,0,0,1,0,5,2021
Tiaong,0,0,30,2,0,0,0,0,0,0,0,0,1,0,0,0,1,0,34,2021
Tibiao,0,0,8,0,0,0,0,0,0,0,0,0,0,0,0,0,1,0,9,2021
Tigaon,0,0,23,2,0,0,0,0,0,0,0,0,1,0,0,0,1,0,27,2021
Tigbao,0,0,4,1,0,0,0,0,0,0,0,0,0,0,0,0,1,0,6,2021
Tigbauan,0,0,14,0,0,0,0,0,0,0,0,0,0,0,0,0,1,0,15,2021
Tinambac,0,0,12,2,0,0,0,0,0,0,0,0,2,0,0,0,2,0,18,2021
Tineg,0,0,9,0,0,0,0,0,0,0,0,0,0,0,0,0,1,0,10,2021
Tinglayan,0,0,15,0,0,0,0,0,0,0,0,0,0,0,0,0,1,0,16,2021
Tingloy,0,0,4,0,0,0,0,0,0,0,0,0,0,0,0,0,1,0,5,2021
Tinoc,0,0,15,0,0,0,0,0,0,0,0,0,1,0,0,0,1,0,17,2021
Tipo-Tipo,0,0,3,0,0,0,0,0,0,0,0,0,0,0,0,0,2,0,5,2021
Titay,0,0,10,1,0,0,0,0,0,0,0,1,0,0,0,0,1,0,13,2021
Tiwi,0,0,11,3,0,0,0,0,0,0,0,0,3,0,0,0,1,0,18,2021
Tobias Fornier,0,0,7,0,0,0,0,0,0,0,0,0,1,0,0,0,1,0,9,2021
Toboso,0,0,9,0,0,0,0,0,0,0,0,0,0,0,0,0,1,0,10,2021
Toledo,0,0,38,0,0,0,0,0,0,0,0,1,1,0,0,0,1,0,41,2021
Tolosa,0,0,3,2,0,0,0,0,0,0,0,0,0,0,0,0,1,0,6,2021
Tomas Oppus,0,0,6,2,0,0,0,0,0,0,0,0,0,0,0,0,1,0,9,2021
Tongkil,0,0,9,1,0,0,0,0,0,0,0,0,1,0,0,0,1,0,12,2021
Torrijos,0,0,6,0,0,0,0,0,0,0,0,0,1,0,0,0,1,0,8,2021
Trece Martires,0,0,13,10,0,0,0,0,0,0,0,2,0,0,0,0,1,0,26,2021
Trento,0,0,7,1,0,0,3,0,0,0,0,0,1,0,0,0,1,0,13,2021
Trinidad,0,0,20,1,0,0,0,0,0,0,0,0,0,0,0,0,1,0,22,2021
Tuao,0,0,9,2,0,0,0,0,0,0,0,1,0,0,0,0,2,0,14,2021
Tuba,0,0,16,0,0,0,0,0,0,0,0,0,1,0,0,0,1,0,18,2021
Tubajon,0,0,1,0,0,0,0,0,0,0,0,0,0,0,0,0,1,0,2,2021
Tubao,0,0,6,1,0,0,0,0,0,0,0,0,0,0,0,0,1,0,8,2021
Tubaran,0,0,0,0,0,0,0,0,0,0,0,0,0,0,0,0,1,0,1,2021
Tubay,0,0,13,0,0,0,0,0,0,0,0,0,0,0,0,0,1,0,14,2021
Tubigon,0,0,15,2,0,0,0,0,0,0,0,0,1,0,0,0,2,0,20,2021
Tublay,0,0,7,0,0,0,0,0,0,0,0,0,1,0,0,0,1,0,9,2021
Tubo,0,0,9,0,0,0,0,0,0,0,0,0,0,0,0,0,1,0,10,2021
Tubod (LN),0,0,24,1,0,0,0,0,0,0,0,1,0,0,0,0,1,0,27,2021
Tubod (SN),0,0,2,0,0,0,0,0,0,0,0,0,0,0,0,0,1,0,3,2021
Tubungan,0,0,10,0,0,0,0,0,0,0,0,0,0,0,0,0,1,0,11,2021
Tuburan (BA),0,0,54,1,0,0,0,0,0,0,0,0,1,0,0,0,3,0,59,2021
Tuburan (CU),0,0,54,1,0,0,0,0,0,0,0,0,1,0,0,0,3,0,59,2021
Tudela (CU),0,0,12,0,0,0,0,0,0,0,0,0,1,0,0,0,2,0,15,2021
Tudela (MC),0,0,12,0,0,0,0,0,0,0,0,0,1,0,0,0,2,0,15,2021
Tugaya,0,0,1,1,0,0,0,0,0,0,0,0,0,0,0,0,1,0,3,2021
Tuguegarao,0,0,35,6,0,2,0,0,0,0,10,7,1,0,0,1,1,0,63,2021
Tukuran,0,0,7,1,0,0,0,0,0,0,0,0,0,0,0,0,1,0,9,2021
Tulunan,0,0,26,1,0,0,0,0,0,0,0,2,1,0,0,0,1,0,31,2021
Tumauini,0,0,28,0,0,0,0,0,0,0,2,0,2,0,0,0,1,0,33,2021
Tunga,0,0,1,1,0,0,0,0,0,0,0,0,0,0,0,0,1,0,3,2021
Tungawan,0,0,8,1,0,0,0,0,0,0,0,0,0,0,0,0,1,0,10,2021
Tupi,0,0,16,2,0,0,0,0,0,0,0,0,2,0,0,0,1,0,21,2021
Turtle Islands,0,0,1,0,0,0,0,0,0,0,0,0,0,0,0,0,1,0,2,2021
Tuy,0,0,6,1,0,0,0,0,0,0,0,0,1,0,0,0,1,0,9,2021
Ubay,0,0,43,2,0,0,0,0,0,0,0,1,0,0,0,0,2,0,48,2021
Umingan,0,0,58,1,0,0,0,0,0,0,0,1,0,0,0,0,2,0,62,2021
Ungkaya Pukan,0,0,0,1,0,0,0,0,0,0,0,0,0,0,0,0,1,0,2,2021
Unisan,0,0,36,0,0,0,0,0,0,0,0,1,1,0,0,0,1,0,39,2021
Upi,0,0,17,1,0,0,0,0,0,0,0,1,0,0,0,0,1,0,20,2021
Urbiztondo,0,0,11,1,0,0,0,0,0,0,0,0,1,0,0,0,1,0,14,2021
Urdaneta,0,0,33,6,0,0,0,0,0,0,0,3,0,0,0,0,3,0,45,2021
Uson,0,0,16,0,0,0,0,0,0,0,0,0,0,0,0,0,1,0,17,2021
Uyugan,0,0,1,0,0,0,0,0,0,0,0,0,0,0,0,0,1,0,2,2021
Valderrama,0,0,7,0,0,0,0,0,0,0,0,0,1,0,0,0,1,0,9,2021
Valencia (BL),0,0,35,0,0,0,0,0,0,0,0,2,0,0,0,0,1,0,38,2021
Valencia (BK),0,0,31,7,0,0,0,0,0,0,0,6,2,0,0,0,1,0,47,2021
Valencia (NR),0,0,15,0,0,0,0,0,0,0,0,0,0,0,0,0,1,0,16,2021
Valenzuela,0,0,7,8,0,1,0,0,0,0,0,8,2,0,0,0,45,1,72,2021
Valladolid,0,0,16,1,0,0,0,0,0,0,0,1,0,0,0,0,1,0,19,2021
Vallehermoso,0,0,16,0,0,0,0,0,0,0,0,0,0,0,0,0,1,0,17,2021
Veruela,0,0,8,0,0,0,0,0,0,0,0,0,0,0,0,0,1,0,9,2021
Victoria (LA),0,0,52,3,0,0,0,0,0,0,0,0,5,0,0,0,5,0,65,2021
Victoria (NS),0,0,52,3,0,0,0,0,0,0,0,0,5,0,0,0,5,0,65,2021
Victoria (OR),0,0,52,3,0,0,0,0,0,0,0,0,5,0,0,0,5,0,65,2021
Victoria (TC),0,0,52,3,0,0,0,0,0,0,0,0,5,0,0,0,5,0,65,2021
Victorias,0,0,19,0,0,0,0,0,1,0,0,0,1,0,0,0,1,0,22,2021
Viga,0,0,11,0,0,0,0,0,0,0,0,1,0,0,0,0,1,0,13,2021
Vigan,0,1,37,1,0,0,0,0,0,0,0,3,2,0,0,0,1,0,45,2021
Villaba,0,0,8,2,0,0,0,0,0,0,0,0,0,0,0,0,1,0,11,2021
Villanueva,0,0,12,1,0,0,0,0,0,0,0,0,0,0,0,0,1,0,14,2021
Villareal,0,0,8,1,0,0,0,0,0,0,0,0,0,0,0,0,1,0,10,2021
Villasis,0,0,17,1,0,0,0,0,0,0,0,0,1,0,0,0,1,0,20,2021
Villaverde,0,0,9,1,0,0,0,0,0,0,0,0,0,0,0,0,1,0,11,2021
Villaviciosa,0,0,7,0,0,0,0,0,0,0,0,0,1,0,0,0,1,0,9,2021
Vincenzo A Sagun,0,0,6,1,0,0,0,0,0,0,0,0,0,0,0,0,1,0,8,2021
Vintar,0,0,6,1,0,0,0,0,0,0,0,0,0,0,0,0,1,0,8,2021
Vinzons,0,0,17,1,0,0,0,0,0,0,0,0,0,0,0,0,1,0,19,2021
Virac,0,0,29,3,0,0,0,0,0,0,1,3,0,0,0,0,1,0,37,2021
Wao,0,0,26,1,0,0,0,0,0,0,0,1,0,0,0,0,1,0,29,2021
Zamboanga,0,0,87,17,0,4,0,0,1,0,0,13,3,0,0,0,17,1,143,2021
Zamboanguita,0,0,10,0,0,0,0,0,0,0,0,0,0,0,0,0,1,0,11,2021
Zaragoza,0,0,6,2,0,0,0,0,0,0,0,0,0,0,0,0,2,0,10,2021
Zarraga,0,0,4,0,0,0,0,0,0,0,0,0,0,0,0,0,1,0,5,2021
Zumarraga,0,0,5,2,0,0,0,0,0,0,0,0,0,0,0,0,1,0,8,2021
