PSGC,Region/ Province,Municipality/City,Poverty Incidence,Standard Error,Coefficient of Variation,90% confidence interval min,90% confidence interval max
133901,Metropolitan Manila,Tondo,3.8,0.6,15.7,2.8,4.7
133902,Metropolitan Manila,Binondo,1.5,0.4,23.0,0.9,2.1
133903,Metropolitan Manila,Quiapo,4.0,0.8,18.7,2.8,5.3
133904,Metropolitan Manila,San Nicolas,4.0,1.2,30.3,2.0,6.0
133905,Metropolitan Manila,Santa Cruz,2.4,0.3,11.9,1.9,2.8
133906,Metropolitan Manila,Sampaloc,2.0,0.2,9.6,1.7,2.3
133907,Metropolitan Manila,San Miguel,4.6,0.9,19.6,3.1,6.1
133908,Metropolitan Manila,Ermita,2.9,0.5,15.7,2.1,3.6
133909,Metropolitan Manila,Intramuros,4.3,1.2,26.9,2.4,6.2
133910,Metropolitan Manila,Malate,2.7,0.3,11.9,2.2,3.2
133911,Metropolitan Manila,Paco,1.9,0.3,13.9,1.4,2.3
133912,Metropolitan Manila,Pandacan,2.2,0.3,13.0,1.7,2.6
133913,Metropolitan Manila,Port Area,6.5,2.5,38.7,2.4,10.6
133914,Metropolitan Manila,Santa Ana,2.4,0.3,12.5,1.9,2.9
140101,Abra,Bangued,8.9,1.1,11.9,7.2,10.6
140102,Abra,Boliney,33.0,4.4,13.5,25.7,40.3
140103,Abra,Bucay,20.4,2.3,11.5,16.6,24.3
140104,Abra,Bucloc,21.2,4.7,22.1,13.5,28.9
140105,Abra,Daguioman,24.7,4.9,19.9,16.6,32.9
140106,Abra,Danglas,23.2,3.2,13.6,18.0,28.4
140107,Abra,Dolores,15.7,2.5,15.7,11.6,19.7
140108,Abra,La Paz,19.8,2.7,13.6,15.4,24.3
140109,Abra,Lacub,37.7,5.0,13.1,29.5,45.8
140110,Abra,Lagangilang,19.4,2.1,10.8,15.9,22.8
140111,Abra,Lagayan,32.9,4.8,14.6,25.0,40.8
140112,Abra,Langiden,24.0,4.0,16.4,17.5,30.5
140113,Abra,Licuan-Baay (Licuan),23.3,2.8,11.8,18.8,27.9
140114,Abra,Luba,21.6,3.5,16.0,15.9,27.3
140115,Abra,Malibcong,18.4,2.9,16.0,13.6,23.3
140116,Abra,Manabo,16.7,3.0,18.0,11.8,21.7
140117,Abra,Peñarrubia,16.2,2.7,16.6,11.8,20.6
140118,Abra,Pidigan,15.2,2.1,13.9,11.8,18.7
140119,Abra,Pilar,19.3,2.7,13.7,14.9,23.7
140120,Abra,Sallapadan,20.0,3.4,17.1,14.4,25.6
140121,Abra,San Isidro,20.3,2.8,14.0,15.6,25.0
140122,Abra,San Juan,22.2,2.3,10.2,18.5,25.9
140123,Abra,San Quintin,14.8,2.9,19.6,10.0,19.6
140124,Abra,Tayum,17.9,2.7,15.0,13.5,22.4
140125,Abra,Tineg,36.4,3.7,10.2,30.3,42.5
140126,Abra,Tubo,23.6,2.8,12.0,19.0,28.2
140127,Abra,Villaviciosa,19.9,3.4,17.0,14.4,25.5
141101,Benguet,Atok,18.7,2.3,12.4,14.8,22.5
141103,Benguet,Bakun,17.9,3.3,18.6,12.4,23.4
141104,Benguet,Bokod,9.9,1.7,17.5,7.0,12.7
141105,Benguet,Buguias,9.4,1.5,15.6,7.0,11.9
141106,Benguet,Itogon,6.9,1.4,19.6,4.7,9.1
141107,Benguet,Kabayan,19.1,2.7,14.2,14.7,23.6
141108,Benguet,Kapangan,17.3,1.8,10.5,14.3,20.3
141109,Benguet,Kibungan,28.1,3.6,12.7,22.2,33.9
141110,Benguet,La Trinidad,2.3,0.5,21.7,1.5,3.1
141111,Benguet,Mankayan,10.4,1.7,16.2,7.6,13.1
141112,Benguet,Sablan,8.7,1.5,16.9,6.3,11.1
141113,Benguet,Tuba,7.0,1.3,18.3,4.9,9.1
141114,Benguet,Tublay,13.2,2.1,16.1,9.7,16.7
142701,Ifugao,Banaue,19.2,1.9,9.8,16.1,22.3
142702,Ifugao,Hungduan,21.2,2.5,11.9,17.1,25.4
142703,Ifugao,Kiangan,14.9,1.6,10.9,12.2,17.5
142704,Ifugao,Lagawe,12.2,1.2,9.7,10.3,14.2
142705,Ifugao,Lamut,11.7,1.6,13.4,9.1,14.3
142706,Ifugao,Mayoyao,17.4,1.6,9.4,14.7,20.1
142707,Ifugao,Alfonso Lista (Potia),16.4,1.8,10.9,13.5,19.3
142708,Ifugao,Aguinaldo,24.7,2.8,11.5,20.0,29.4
142709,Ifugao,Hingyon,23.0,2.7,11.6,18.6,27.5
142710,Ifugao,Tinoc,27.0,3.1,11.3,21.9,32.0
142711,Ifugao,Asipulo,32.0,3.8,11.8,25.8,38.3
143201,Kalinga,Balbalan,16.0,2.1,13.4,12.4,19.5
143206,Kalinga,Lubuagan,20.2,2.3,11.2,16.5,24.0
143208,Kalinga,Pasil,18.2,2.0,11.0,14.9,21.4
143209,Kalinga,Pinukpuk,20.3,1.8,8.7,17.4,23.2
143211,Kalinga,Rizal (Liwan),11.9,1.7,14.2,9.1,14.6
143213,Kalinga,Tabuk City,10.6,1.1,10.5,8.8,12.4
143214,Kalinga,Tanudan,22.3,2.6,11.8,18.0,26.6
143215,Kalinga,Tinglayan,27.7,2.5,9.0,23.6,31.8
144401,Mountain Province,Barlig,14.4,2.5,17.0,10.4,18.5
144402,Mountain Province,Bauko,21.8,2.2,10.0,18.2,25.3
144403,Mountain Province,Besao,16.6,2.0,12.1,13.3,19.9
144404,Mountain Province,Bontoc,10.0,1.5,15.2,7.5,12.5
144405,Mountain Province,Natonin,23.1,3.3,14.4,17.6,28.6
144406,Mountain Province,Paracelis,30.6,3.2,10.3,25.5,35.8
144407,Mountain Province,Sabangan,14.0,1.8,13.0,11.0,17.1
144408,Mountain Province,Sadanga,21.7,2.9,13.2,17.0,26.4
144409,Mountain Province,Sagada,12.6,1.9,15.4,9.4,15.8
144410,Mountain Province,Tadian,18.1,1.9,10.5,15.0,21.2
148101,Apayao,Calanasan (Bayag),29.8,3.3,11.0,24.4,35.2
148102,Apayao,Conner,23.7,2.0,8.5,20.3,27.0
148103,Apayao,Flora,17.8,2.3,13.1,14.0,21.6
148104,Apayao,Kabugao,35.3,3.7,10.4,29.3,41.4
148105,Apayao,Luna,13.9,1.8,12.8,11.0,16.8
148106,Apayao,Pudtol,21.0,2.0,9.7,17.7,24.4
148107,Apayao,Santa Marcela,12.2,2.0,16.4,8.9,15.5
12801,Ilocos Norte,Adams,5.6,4.5,80.3,-1.8,13.0
12802,Ilocos Norte,Bacarra,3.4,0.7,19.0,2.4,4.5
12803,Ilocos Norte,Badoc,5.7,1.1,18.5,3.9,7.4
12804,Ilocos Norte,Bangui,4.7,1.2,25.5,2.8,6.7
12805,Ilocos Norte,Batac City,4.1,0.8,18.1,2.9,5.4
12806,Ilocos Norte,Burgos,4.4,1.3,29.4,2.2,6.5
12807,Ilocos Norte,Carasi,6.7,3.9,58.0,0.3,13.1
12808,Ilocos Norte,Currimao,4.3,1.0,24.2,2.6,6.0
12809,Ilocos Norte,Dingras,6.0,1.1,17.9,4.3,7.8
12810,Ilocos Norte,Dumalneg,7.2,4.3,60.3,0.1,14.3
12811,Ilocos Norte,Banna,6.1,1.2,19.9,4.1,8.1
12812,Ilocos Norte,Laoag City,2.4,0.5,19.5,1.6,3.1
12813,Ilocos Norte,Marcos,5.0,1.3,26.0,2.9,7.1
12814,Ilocos Norte,Nueva Era,6.1,1.8,30.2,3.1,9.1
12815,Ilocos Norte,Pagudpud,5.7,1.3,23.6,3.5,7.9
12816,Ilocos Norte,Paoay,4.5,1.0,22.0,2.9,6.1
12817,Ilocos Norte,Pasuquin,5.5,1.1,20.9,3.6,7.3
12818,Ilocos Norte,Piddig,5.6,1.2,21.7,3.6,7.6
12819,Ilocos Norte,Pinili,6.0,1.3,20.8,4.0,8.1
12820,Ilocos Norte,San Nicolas,2.9,1.0,32.7,1.4,4.5
12821,Ilocos Norte,Sarrat,4.7,1.1,23.0,2.9,6.4
12822,Ilocos Norte,Solsona,6.2,1.6,25.2,3.6,8.8
12823,Ilocos Norte,Vintar,4.2,0.9,21.3,2.7,5.6
12901,Ilocos Sur,Alilem,8.7,2.2,24.7,5.2,12.2
12902,Ilocos Sur,Banayoyo,6.1,1.8,30.4,3.0,9.1
12903,Ilocos Sur,Bantay,3.2,0.8,25.5,1.9,4.5
12904,Ilocos Sur,Burgos,6.5,1.4,21.1,4.2,8.7
12905,Ilocos Sur,Cabugao,6.6,1.1,17.1,4.8,8.5
12906,Ilocos Sur,Candon City,5.6,0.9,16.6,4.1,7.1
12907,Ilocos Sur,Caoayan,4.1,1.1,27.7,2.2,5.9
12908,Ilocos Sur,Cervantes,11.2,2.4,21.8,7.2,15.2
12909,Ilocos Sur,Galimuyod,6.9,1.5,21.4,4.5,9.3
12910,Ilocos Sur,Gregorio del Pilar,9.7,2.4,24.6,5.8,13.7
12911,Ilocos Sur,Lidlidda,6.8,2.0,29.7,3.5,10.1
12912,Ilocos Sur,Magsingal,4.4,1.1,24.0,2.7,6.2
12913,Ilocos Sur,Nagbukel,6.5,1.7,26.7,3.7,9.4
12914,Ilocos Sur,Narvacan,6.2,1.1,17.2,4.5,8.0
12915,Ilocos Sur,Quirino,11.0,2.4,21.8,7.0,14.9
12916,Ilocos Sur,Salcedo,7.4,1.5,20.0,5.0,9.8
12917,Ilocos Sur,San Emilio,10.8,2.8,26.1,6.2,15.4
12918,Ilocos Sur,San Esteban,4.8,1.6,33.7,2.2,7.5
12919,Ilocos Sur,San Ildefonso,3.8,1.0,26.6,2.2,5.5
12920,Ilocos Sur,San Juan,4.9,0.7,14.0,3.7,6.0
12921,Ilocos Sur,San Vicente,3.3,1.3,39.9,1.1,5.5
12922,Ilocos Sur,Santa,4.8,1.3,27.4,2.6,6.9
12923,Ilocos Sur,Santa Catalina,5.9,1.9,32.5,2.7,9.0
12924,Ilocos Sur,Santa Cruz,6.9,1.0,14.1,5.3,8.6
12925,Ilocos Sur,Santa Lucia,6.3,1.0,16.2,4.6,8.0
12926,Ilocos Sur,Santa Maria,4.7,0.9,18.0,3.3,6.1
12927,Ilocos Sur,Santiago,5.7,1.3,22.6,3.6,7.8
12928,Ilocos Sur,Santo Domingo,4.3,0.8,19.5,2.9,5.7
12929,Ilocos Sur,Sigay,9.5,3.0,31.3,4.6,14.3
12930,Ilocos Sur,Sinait,5.6,1.1,19.3,3.9,7.4
12931,Ilocos Sur,Sugpon,10.1,2.9,29.1,5.3,14.9
12932,Ilocos Sur,Suyo,7.9,2.3,29.3,4.1,11.7
12933,Ilocos Sur,Tagudin,6.4,1.0,15.9,4.7,8.1
12934,Ilocos Sur,Vigan City,2.4,0.6,23.6,1.5,3.4
13301,La Union,Agoo,3.3,0.6,18.4,2.3,4.3
13302,La Union,Aringay,4.4,1.0,21.9,2.8,6.0
13303,La Union,Bacnotan,1.5,0.5,30.8,0.7,2.2
13304,La Union,Bagulin,5.5,1.9,34.7,2.4,8.6
13305,La Union,Balaoan,3.2,0.7,20.9,2.1,4.3
13306,La Union,Bangar,3.8,0.9,24.5,2.3,5.4
13307,La Union,Bauang,3.1,0.7,21.9,2.0,4.2
13308,La Union,Burgos,4.0,1.6,39.0,1.5,6.6
13309,La Union,Caba,3.1,1.1,33.8,1.4,4.8
13310,La Union,Luna,3.3,0.6,18.8,2.3,4.3
13311,La Union,Naguilian,2.8,0.6,19.9,1.9,3.7
13312,La Union,Pugo,3.2,1.0,31.0,1.6,4.8
13313,La Union,Rosario,3.6,0.7,20.3,2.4,4.7
13314,La Union,San Fernando City,1.3,0.4,29.9,0.6,1.9
13315,La Union,San Gabriel,5.8,1.5,25.4,3.4,8.2
13316,La Union,San Juan,1.8,0.5,29.7,0.9,2.7
13317,La Union,Santo Tomas,3.4,0.8,24.3,2.0,4.7
13318,La Union,Santol,5.3,1.4,26.9,3.0,7.7
13319,La Union,Sudipen,4.0,1.0,26.1,2.3,5.6
13320,La Union,Tubao,3.7,1.0,26.8,2.1,5.3
15501,La Union,Agno,11.7,2.3,19.9,7.9,15.5
15502,La Union,Aguilar,16.2,2.2,13.8,12.5,19.9
15503,La Union,Alaminos City,7.8,1.3,16.4,5.7,9.8
15504,La Union,Alcala,12.2,1.9,15.2,9.2,15.3
15505,La Union,Anda,12.4,1.9,15.6,9.2,15.6
15506,La Union,Asingan,10.4,1.6,15.6,7.8,13.1
15507,La Union,Balungao,9.5,1.6,16.4,6.9,12.1
15508,La Union,Bani,10.6,1.5,14.6,8.1,13.1
15509,La Union,Basista,14.5,2.4,16.4,10.6,18.4
15510,La Union,Bautista,14.8,2.3,15.6,11.0,18.6
15511,La Union,Bayambang,14.7,1.3,8.5,12.6,16.7
15512,La Union,Binalonan,6.9,1.4,19.7,4.7,9.2
15513,La Union,Binmaley,6.6,1.2,18.3,4.6,8.5
15514,La Union,Bolinao,16.3,2.0,12.5,12.9,19.6
15515,La Union,Bugallon,15.3,2.0,13.2,12.0,18.6
15516,La Union,Burgos,12.3,2.0,16.7,8.9,15.6
15517,La Union,Calasiao,7.8,1.4,17.3,5.6,10.0
15518,La Union,Dagupan City,9.2,1.7,18.3,6.4,12.0
15519,La Union,Dasol,13.1,1.9,14.6,10.0,16.3
15520,La Union,Infanta,12.8,2.3,17.8,9.0,16.5
15521,La Union,Labrador,10.5,2.5,24.1,6.3,14.6
15522,La Union,Lingayen,8.6,1.4,15.7,6.4,10.8
15523,La Union,Mabini,12.5,2.3,18.2,8.7,16.2
15524,La Union,Malasiqui,13.3,1.1,8.6,11.4,15.2
15525,La Union,Manaoag,9.4,1.6,17.5,6.7,12.1
15526,La Union,Mangaldan,9.0,1.4,15.5,6.7,11.3
15527,La Union,Mangatarem,14.6,1.3,8.9,12.5,16.8
15528,La Union,Mapandan,12.2,2.1,17.4,8.7,15.7
15529,La Union,Natividad,11.4,1.8,15.9,8.5,14.4
15530,La Union,Pozorrubio,7.7,1.4,17.5,5.5,9.9
15531,La Union,Rosales,11.8,1.5,12.3,9.5,14.2
15532,La Union,San Carlos City,12.7,1.1,9.0,10.9,14.6
15533,La Union,San Fabian,11.5,1.4,12.2,9.2,13.8
15534,La Union,San Jacinto,13.3,1.8,13.5,10.4,16.3
15535,La Union,San Manuel,8.8,2.2,24.7,5.2,12.3
15536,La Union,San Nicolas,12.9,1.7,13.5,10.0,15.7
15537,La Union,San Quintin,11.7,1.9,16.3,8.6,14.8
15538,La Union,Santa Barbara,10.0,1.6,16.3,7.3,12.7
15539,La Union,Santa Maria,11.1,1.7,15.3,8.3,13.9
15540,La Union,Santo Tomas,10.7,2.7,24.8,6.3,15.1
15541,La Union,Sison,12.3,1.6,12.7,9.8,14.9
15542,La Union,Sual,10.1,2.0,20.0,6.8,13.4
15543,La Union,Tayug,8.1,1.5,18.2,5.7,10.5
15544,La Union,Umingan,12.8,1.2,9.6,10.8,14.8
15545,La Union,Urbiztondo,18.4,2.6,13.9,14.2,22.6
15546,La Union,Urdaneta City,8.4,1.5,17.3,6.0,10.8
15547,La Union,Villasis,11.8,2.0,16.9,8.5,15.0
15548,La Union,Laoac,11.2,1.6,14.3,8.5,13.8
20901,Batanes,Basco,7.0,1.9,27.3,3.9,10.2
20902,Batanes,Itbayat,30.9,4.6,15.0,23.3,38.5
20903,Batanes,Ivana,7.0,3.0,43.0,2.1,12.0
20904,Batanes,Mahatao,17.8,4.5,25.1,10.5,25.2
20905,Batanes,Sabtang,21.7,3.8,17.3,15.5,27.9
20906,Batanes,Uyugan,13.2,3.9,29.4,6.8,19.6
21501,Cagayan,Abulug,14.8,2.1,14.4,11.3,18.3
21502,Cagayan,Alcala,14.7,1.9,12.6,11.6,17.7
21503,Cagayan,Allacapan,11.5,1.6,14.0,8.8,14.1
21504,Cagayan,Amulung,15.5,1.8,11.5,12.5,18.4
21505,Cagayan,Aparri,13.3,1.7,12.8,10.5,16.1
21506,Cagayan,Baggao,13.5,1.7,12.5,10.7,16.2
21507,Cagayan,Ballesteros,13.0,2.2,16.9,9.4,16.7
21508,Cagayan,Buguey,15.3,2.0,12.8,12.1,18.5
21509,Cagayan,Calayan,42.2,4.6,10.8,34.7,49.7
21510,Cagayan,Camalaniugan,13.5,1.9,13.9,10.4,16.6
21511,Cagayan,Claveria,11.1,1.6,14.4,8.5,13.8
21512,Cagayan,Enrile,10.2,1.7,16.7,7.4,13.0
21513,Cagayan,Gattaran,16.7,1.8,10.6,13.8,19.6
21514,Cagayan,Gonzaga,12.2,1.6,13.5,9.5,14.9
21515,Cagayan,Iguig,11.1,1.8,15.7,8.2,14.0
21516,Cagayan,Lal-lo,13.5,1.5,11.4,11.0,16.0
21517,Cagayan,Lasam,14.3,1.8,12.3,11.4,17.2
21518,Cagayan,Pamplona,16.4,2.3,14.2,12.6,20.2
21519,Cagayan,Peñablanca,27.7,3.7,13.2,21.7,33.7
21520,Cagayan,Piat,12.9,2.3,17.8,9.1,16.6
21521,Cagayan,Rizal,32.2,3.6,11.1,26.3,38.0
21522,Cagayan,Sanchez-Mira,8.3,1.6,19.0,5.7,10.9
21523,Cagayan,Santa Ana,13.9,2.4,16.9,10.0,17.7
21524,Cagayan,Santa Praxedes,12.2,3.0,24.1,7.4,17.1
21525,Cagayan,Santa Teresita,11.8,2.1,18.0,8.3,15.3
21526,Cagayan,Santo Niño,16.7,2.2,12.9,13.2,20.3
21527,Cagayan,Solana,10.7,1.6,14.7,8.1,13.3
21528,Cagayan,Tuao,11.8,1.5,12.7,9.3,14.2
21529,Cagayan,Tuguegarao City,4.2,0.7,17.2,3.0,5.4
23101,Isabela,Alicia,12.6,1.5,11.7,10.2,15.0
23102,Isabela,Angadanan,14.3,1.3,9.4,12.1,16.5
23103,Isabela,Aurora,11.2,1.5,13.4,8.8,13.7
23104,Isabela,Benito Soliven,19.7,2.3,11.9,15.9,23.6
23105,Isabela,Burgos,18.2,3.2,17.4,13.0,23.5
23106,Isabela,Cabagan,14.7,1.5,10.2,12.2,17.2
23107,Isabela,Cabatuan,11.0,1.6,14.8,8.3,13.7
23108,Isabela,Cauayan City,12.6,1.4,11.2,10.3,14.9
23109,Isabela,Cordon,18.9,2.2,11.8,15.3,22.6
23110,Isabela,Dinapigue,44.8,7.9,17.6,31.9,57.8
23111,Isabela,Divilican,47.6,5.2,10.9,39.1,56.1
23112,Isabela,Echague,15.0,1.4,9.3,12.7,17.3
23113,Isabela,Gamu,15.3,2.7,17.8,10.8,19.7
23114,Isabela,Ilagan City,13.9,1.3,9.5,11.7,16.0
23115,Isabela,Jones,13.3,1.8,13.3,10.4,16.3
23116,Isabela,Luna,12.7,2.1,16.4,9.3,16.1
23117,Isabela,Maconacon,39.0,5.3,13.6,30.3,47.8
23118,Isabela,Delfin Albano,17.0,2.3,13.3,13.3,20.7
23119,Isabela,Mallig,16.3,2.2,13.3,12.8,19.9
23120,Isabela,Naguilian,14.2,1.9,13.5,11.0,17.3
23121,Isabela,Palanan,31.3,3.1,9.8,26.3,36.3
23122,Isabela,Quezon,22.7,3.3,14.5,17.3,28.2
23123,Isabela,Quirino,15.6,2.6,16.5,11.4,19.8
23124,Isabela,Ramon,13.4,1.8,13.7,10.4,16.4
23125,Isabela,Reina Mercedes,15.0,2.2,14.8,11.3,18.6
23126,Isabela,Roxas,13.5,2.0,15.1,10.1,16.8
23127,Isabela,San Agustin,12.4,1.8,14.8,9.4,15.4
23128,Isabela,San Guillermo,27.2,3.5,12.7,21.5,32.9
23129,Isabela,San Isidro,12.0,2.3,19.0,8.2,15.7
23130,Isabela,San Manuel,13.7,2.3,16.6,10.0,17.4
23131,Isabela,San Mariano,23.1,2.3,9.8,19.4,26.8
23132,Isabela,San Mateo,10.7,1.5,13.7,8.3,13.1
23133,Isabela,San Pablo,18.8,3.0,16.2,13.8,23.8
23134,Isabela,Santa Maria,21.8,3.1,14.0,16.8,26.8
23135,Isabela,Santiago City,12.3,1.5,12.4,9.8,14.9
23136,Isabela,Santo Tomas,22.7,2.9,12.6,18.0,27.4
23137,Isabela,Tumauini,21.2,2.0,9.6,17.8,24.5
25001,Nueva Vizcaya,Ambaguio,53.5,5.9,11.1,43.7,63.2
25002,Nueva Vizcaya,Aritao,15.8,1.4,8.8,13.5,18.1
25003,Nueva Vizcaya,Bagabag,8.7,1.6,18.7,6.0,11.3
25004,Nueva Vizcaya,Bambang,8.2,1.3,16.2,6.0,10.4
25005,Nueva Vizcaya,Bayombong,6.8,1.3,18.6,4.7,8.9
25006,Nueva Vizcaya,Diadi,14.3,2.1,14.9,10.8,17.9
25007,Nueva Vizcaya,Dupax del Norte,14.2,2.5,17.8,10.1,18.4
25008,Nueva Vizcaya,Dupax del Sur,16.0,2.4,15.0,12.0,19.9
25009,Nueva Vizcaya,Kasibu,21.7,2.6,12.2,17.3,26.0
25010,Nueva Vizcaya,Kayapa,29.2,3.7,12.6,23.1,35.2
25011,Nueva Vizcaya,Quezon,14.8,2.6,17.3,10.6,19.0
25012,Nueva Vizcaya,Santa Fe,17.7,2.6,14.6,13.4,21.9
25013,Nueva Vizcaya,Solano,7.0,1.4,19.7,4.7,9.2
25014,Nueva Vizcaya,Villaverde,12.5,2.4,18.9,8.6,16.4
25015,Nueva Vizcaya,Alfonso Castaneda,22.9,4.3,18.9,15.8,30.1
25701,Quirino,Aglipay,11.6,1.5,13.3,9.1,14.1
25702,Quirino,Cobarronguis,9.3,1.7,17.8,6.6,12.1
25703,Quirino,Diffun,10.6,1.5,13.9,8.2,13.1
25704,Quirino,Maddela,9.3,1.3,14.1,7.1,11.4
25705,Quirino,Saguday,9.9,2.4,23.6,6.1,13.8
25706,Quirino,Nagtipunan,22.3,3.8,16.9,16.1,28.5
30801,Bataan,Abucay,5.3,1.1,21.5,3.4,7.2
30802,Bataan,Bagac,6.1,1.1,17.8,4.3,7.9
30803,Bataan,Balanga City,3.4,0.6,17.7,2.4,4.4
30804,Bataan,Dinalupihan,6.4,0.8,12.3,5.1,7.6
30805,Bataan,Hermosa,9.0,1.2,13.5,7.0,11.0
30806,Bataan,Limay,7.2,1.4,18.8,5.0,9.4
30807,Bataan,Mariveles,4.9,1.0,19.6,3.3,6.5
30808,Bataan,Morong,10.0,1.8,18.2,7.0,13.0
30809,Bataan,Orani,6.7,0.8,12.6,5.3,8.0
30810,Bataan,Orion,8.5,1.3,15.5,6.3,10.7
30811,Bataan,Pilar,7.3,1.0,14.1,5.6,9.0
30812,Bataan,Samal,7.3,1.0,13.1,5.7,8.8
31401,Bulacan,Angat,4.6,0.8,16.5,3.4,5.9
31402,Bulacan,Balagtas,3.4,1.1,32.0,1.6,5.2
31403,Bulacan,Baliuag,4.0,0.6,14.1,3.1,4.9
31404,Bulacan,Bocaue,7.5,1.3,17.7,5.3,9.7
31405,Bulacan,Bulacan,4.0,0.7,18.5,2.8,5.2
31406,Bulacan,Bustos,4.3,0.8,18.8,3.0,5.6
31407,Bulacan,Calumpit,4.7,0.6,13.3,3.7,5.8
31408,Bulacan,Guiguinto,5.5,0.9,16.2,4.0,6.9
31409,Bulacan,Hagonoy,4.9,0.7,13.9,3.8,6.0
31410,Bulacan,Malolos City,2.9,0.4,13.3,2.3,3.6
31411,Bulacan,Marilao,3.6,0.8,23.1,2.2,5.0
31412,Bulacan,Meycauayan City,5.2,0.8,14.5,3.9,6.4
31413,Bulacan,Norzagaray,8.2,1.5,18.6,5.7,10.8
31414,Bulacan,Obando,4.7,0.9,19.3,3.2,6.1
31415,Bulacan,Pandi,7.1,0.9,13.3,5.5,8.6
31416,Bulacan,Paombong,5.2,1.0,20.1,3.5,6.9
31417,Bulacan,Plaridel,4.2,0.6,13.6,3.3,5.1
31418,Bulacan,Pulilan,4.6,0.7,15.9,3.4,5.8
31419,Bulacan,San Idelfonso,5.5,0.5,9.4,4.7,6.4
31420,Bulacan,San Jose Del Monte City,4.6,0.6,13.8,3.6,5.7
31421,Bulacan,San Miguel,6.5,0.7,10.6,5.4,7.7
31422,Bulacan,San Rafael,4.5,0.6,12.6,3.5,5.4
31423,Bulacan,Santa Maria,4.6,0.9,20.3,3.1,6.1
31424,Bulacan,Doña Remedios Trinidad,11.4,2.1,18.5,8.0,14.9
34901,Nueva Ecija,Aliaga,6.7,0.8,11.6,5.4,8.0
34902,Nueva Ecija,Bongabon,5.5,0.9,16.1,4.0,6.9
34903,Nueva Ecija,Cabanatuan City,3.1,0.4,11.5,2.5,3.7
34904,Nueva Ecija,Cabiao,5.7,0.7,12.4,4.5,6.9
34905,Nueva Ecija,Carranglan,7.7,1.2,15.8,5.7,9.7
34906,Nueva Ecija,Cuyapo,5.9,0.6,10.7,4.9,6.9
34907,Nueva Ecija,Gabaldon,7.1,1.2,17.3,5.1,9.2
34908,Nueva Ecija,Gapan City,5.4,0.7,12.2,4.3,6.4
34909,Nueva Ecija,General Mamerto Natividad,6.7,1.0,14.9,5.1,8.4
34910,Nueva Ecija,General Tinio,5.1,1.4,28.2,2.7,7.5
34911,Nueva Ecija,Guimba,4.3,0.6,13.0,3.4,5.2
34912,Nueva Ecija,Jaen,4.1,0.7,17.9,2.9,5.4
34913,Nueva Ecija,Laur,5.7,0.9,16.0,4.2,7.2
34914,Nueva Ecija,Licab,7.7,1.2,15.7,5.7,9.6
34915,Nueva Ecija,Llanera,3.8,0.7,19.1,2.6,5.0
34916,Nueva Ecija,Lupao,5.8,1.0,17.3,4.1,7.4
34917,Nueva Ecija,Muñoz City,5.5,0.6,11.1,4.5,6.5
34918,Nueva Ecija,Nampicuan,6.6,1.0,14.8,5.0,8.2
34919,Nueva Ecija,Palayan City,5.8,0.8,14.1,4.5,7.2
34920,Nueva Ecija,Pantabangan,16.0,1.1,6.6,14.3,17.8
34921,Nueva Ecija,Peñaranda,4.3,1.0,24.0,2.6,5.9
34922,Nueva Ecija,Quezon,5.9,1.0,17.4,4.2,7.6
34923,Nueva Ecija,Rizal,7.4,1.0,13.7,5.7,9.0
34924,Nueva Ecija,San Antonio,5.8,1.2,20.3,3.9,7.7
34925,Nueva Ecija,San Isidro,4.6,0.9,18.4,3.2,6.0
34926,Nueva Ecija,San Jose City,4.6,0.6,13.7,3.6,5.7
34927,Nueva Ecija,San Leonardo,5.1,0.9,17.3,3.7,6.6
34928,Nueva Ecija,Santa Rosa,4.0,0.5,13.2,3.1,4.9
34929,Nueva Ecija,Santo Domingo,4.6,1.0,20.9,3.0,6.2
34930,Nueva Ecija,Talavera,4.4,0.5,11.5,3.6,5.3
34931,Nueva Ecija,Talugtug,5.3,0.7,13.6,4.1,6.5
34932,Nueva Ecija,Zaragoza,3.8,0.7,17.3,2.7,4.9
35402,Nueva Ecija,Apalit,4.7,1.1,24.0,2.8,6.6
35403,Nueva Ecija,Arayat,6.4,0.8,12.5,5.1,7.7
35404,Nueva Ecija,Bacolor,3.6,0.7,19.6,2.5,4.8
35405,Nueva Ecija,Candaba,7.0,0.7,10.2,5.8,8.2
35406,Nueva Ecija,Floridablanca,2.9,0.4,14.0,2.3,3.6
35407,Nueva Ecija,Guagua,3.6,0.5,15.0,2.7,4.5
35408,Nueva Ecija,Lubao,3.6,0.4,11.4,2.9,4.3
35409,Nueva Ecija,Mabalacat City,4.4,0.7,15.0,3.3,5.5
35410,Nueva Ecija,Macabebe,5.5,0.7,13.1,4.3,6.7
35411,Nueva Ecija,Magalang,5.0,1.0,20.0,3.3,6.6
35412,Nueva Ecija,Masantol,10.2,1.0,9.4,8.7,11.8
35413,Nueva Ecija,Mexico,4.6,0.8,16.7,3.3,5.9
35414,Nueva Ecija,Minalin,6.2,0.9,14.5,4.7,7.6
35415,Nueva Ecija,Porac,5.6,0.8,13.8,4.3,6.9
35416,Nueva Ecija,San Fernando City,3.6,0.5,14.7,2.7,4.5
35417,Nueva Ecija,San Luis,6.0,1.0,16.0,4.4,7.6
35418,Nueva Ecija,San Simon,5.6,0.9,16.9,4.0,7.1
35419,Nueva Ecija,Santa Ana,6.2,1.1,17.2,4.4,7.9
35420,Nueva Ecija,Santa Rita,4.1,1.0,25.1,2.4,5.8
35421,Nueva Ecija,Santo Tomas,4.3,1.1,25.2,2.5,6.0
35422,Nueva Ecija,Sasmuan,6.1,1.0,16.8,4.4,7.8
36901,Tarlac,Anao,5.2,1.0,19.6,3.5,6.9
36902,Tarlac,Bamban,10.3,1.8,17.6,7.3,13.3
36903,Tarlac,Camiling,6.3,0.6,10.1,5.2,7.3
36904,Tarlac,Capas,8.7,1.4,16.0,6.4,11.0
36905,Tarlac,Concepcion,9.9,0.9,8.9,8.4,11.3
36906,Tarlac,Gerona,6.1,0.8,12.2,4.9,7.4
36907,Tarlac,La Paz,10.4,1.2,11.6,8.4,12.3
36908,Tarlac,Mayantoc,6.9,0.9,13.4,5.4,8.4
36909,Tarlac,Moncada,7.3,0.9,12.0,5.8,8.7
36910,Tarlac,Paniqui,4.6,0.7,15.1,3.4,5.7
36911,Tarlac,Pura,5.6,0.9,15.4,4.2,7.0
36912,Tarlac,Ramos,8.5,1.7,20.3,5.6,11.3
36913,Tarlac,San Clemente,5.1,1.0,20.4,3.4,6.8
36914,Tarlac,San Manuel,9.9,1.6,15.9,7.3,12.5
36915,Tarlac,Santa Ignacia,5.5,0.9,16.5,4.0,7.0
36916,Tarlac,Tarlac City,5.2,0.6,11.9,4.2,6.3
36917,Tarlac,Victoria,8.5,1.0,11.5,6.9,10.1
36918,Tarlac,San Jose,12.1,1.8,14.9,9.1,15.0
37101,Zambales,Botolan,12.8,1.4,11.0,10.5,15.1
37102,Zambales,Cabangan,10.0,1.3,13.3,7.8,12.2
37103,Zambales,Candelaria,9.8,1.1,11.4,8.0,11.7
37104,Zambales,Castillejos,7.0,1.2,17.5,5.0,9.1
37105,Zambales,Iba,6.0,1.3,22.3,3.8,8.2
37106,Zambales,Masinloc,9.6,1.3,13.8,7.4,11.8
37108,Zambales,Palauig,10.3,1.5,14.8,7.8,12.8
37109,Zambales,San Antonio,7.3,1.2,16.9,5.3,9.3
37110,Zambales,San Felipe,9.3,1.6,17.0,6.7,11.9
37111,Zambales,San Marcelino,9.1,1.2,13.5,7.1,11.1
37112,Zambales,San Narciso,5.0,1.0,19.0,3.4,6.6
37113,Zambales,Santa Cruz,9.6,1.2,12.6,7.6,11.6
37114,Zambales,Subic,10.3,1.5,15.0,7.7,12.8
37701,Aurora,Baler,7.3,1.4,18.5,5.1,9.6
37702,Aurora,Casiguran,12.6,1.5,11.7,10.2,15.1
37703,Aurora,Dilasag,12.9,1.9,15.1,9.7,16.1
37704,Aurora,Dinalungan,14.7,2.4,15.9,10.9,18.6
37705,Aurora,Dingalan,12.7,2.1,16.8,9.2,16.3
37706,Aurora,Dipaculao,11.4,1.4,12.4,9.0,13.7
37707,Aurora,Maria Aurora,12.0,1.1,9.4,10.1,13.8
37708,Aurora,San Luis,10.9,1.6,14.3,8.4,13.5
41001,Batangas,Agoncillo,12.5,1.8,14.7,9.5,15.5
41002,Batangas,Alitagtag,16.0,2.4,15.1,12.0,20.0
41003,Batangas,Balayan,10.4,1.3,12.0,8.4,12.5
41004,Batangas,Balete,12.7,2.6,20.3,8.4,16.9
41005,Batangas,Batangas City,8.6,0.8,9.5,7.2,9.9
41006,Batangas,Bauan,7.6,1.0,12.6,6.0,9.2
41007,Batangas,Calaca,10.3,1.4,13.6,8.0,12.6
41008,Batangas,Calatagan,11.7,1.9,16.6,8.5,14.9
41009,Batangas,Cuenca,11.7,1.8,15.8,8.6,14.7
41010,Batangas,Ibaan,9.3,1.4,15.1,7.0,11.6
41011,Batangas,Laurel,13.1,1.9,14.1,10.1,16.2
41012,Batangas,Lemery,10.7,1.2,11.4,8.7,12.7
41013,Batangas,Lian,10.7,1.8,16.5,7.8,13.6
41014,Batangas,Lipa City,10.0,0.9,8.5,8.6,11.4
41015,Batangas,Lobo,20.5,2.9,14.0,15.8,25.3
41016,Batangas,Mabini,9.8,1.2,12.3,7.8,11.8
41017,Batangas,Malvar,9.4,1.7,17.8,6.7,12.2
41018,Batangas,Mataas Na Kahoy,9.2,1.5,16.6,6.7,11.7
41019,Batangas,Nasugbu,13.2,1.7,12.8,10.4,16.0
41020,Batangas,Padre Garcia,20.9,2.8,13.5,16.3,25.6
41021,Batangas,Rosario,11.9,1.4,11.4,9.7,14.2
41022,Batangas,San Jose,9.2,1.3,14.4,7.1,11.4
41023,Batangas,San Juan,13.0,1.4,11.0,10.7,15.4
41024,Batangas,San Luis,15.7,2.4,15.1,11.8,19.6
41025,Batangas,San Nicolas,19.6,2.8,14.3,15.0,24.2
41026,Batangas,San Pascual,7.5,1.0,13.2,5.9,9.2
41027,Batangas,Santa Teresita,10.8,1.7,15.6,8.0,13.5
41028,Batangas,Santo Tomas,8.4,1.3,15.3,6.3,10.5
41029,Batangas,Taal,8.8,1.1,12.9,7.0,10.7
41030,Batangas,Talisay,10.7,1.7,15.5,8.0,13.5
41031,Batangas,Tanauan City,8.7,1.0,11.6,7.1,10.4
41032,Batangas,Taysan,11.8,1.6,13.5,9.2,14.4
41033,Batangas,Tingloy,19.1,3.3,17.2,13.7,24.5
41034,Batangas,Tuy,11.9,1.7,14.3,9.1,14.7
42101,Cavite,Alfonso,5.3,0.9,16.2,3.9,6.7
42102,Cavite,Amadeo,4.7,0.8,16.8,3.4,6.0
42103,Cavite,Bacoor City,3.9,0.5,12.1,3.1,4.7
42104,Cavite,Carmona,4.0,1.2,29.7,2.1,6.0
42105,Cavite,Cavite City,5.7,0.7,12.9,4.5,6.9
42106,Cavite,Dasmariñas City,5.3,0.5,9.7,4.5,6.2
42107,Cavite,General Emilio Aguinaldo,13.1,2.2,16.8,9.5,16.7
42108,Cavite,General Trias City,3.8,0.9,24.3,2.3,5.3
42109,Cavite,Imus City,2.7,0.3,10.7,2.2,3.2
42110,Cavite,Indang,4.0,0.6,15.1,3.0,5.0
42111,Cavite,Kawit,5.7,1.0,18.0,4.0,7.3
42112,Cavite,Magallanes,13.8,2.5,18.1,9.7,17.9
42113,Cavite,Maragondon,6.1,1.1,18.4,4.3,8.0
42114,Cavite,Mendez (Mendez-Nuñez),9.2,1.5,16.7,6.7,11.8
42115,Cavite,Naic,6.0,1.0,15.9,4.5,7.6
42116,Cavite,Noveleta,4.1,0.9,21.4,2.6,5.5
42117,Cavite,Rosario,5.2,0.9,16.7,3.8,6.6
42118,Cavite,Silang,5.8,0.7,12.1,4.7,7.0
42119,Cavite,Tagaytay City,5.4,0.8,15.7,4.0,6.7
42120,Cavite,Tanza,5.2,0.9,16.6,3.8,6.7
42121,Cavite,Ternate,11.4,2.8,24.7,6.8,16.1
42122,Cavite,Trece Martires City,5.9,1.4,24.3,3.5,8.2
42123,Cavite,Gen. Mariano Alvarez,6.4,0.9,13.8,4.9,7.8
43401,Laguna,Alaminos,2.6,0.6,23.3,1.6,3.6
43402,Laguna,Bay,2.2,0.6,25.1,1.3,3.1
43403,Laguna,Biñan City,1.7,0.5,31.4,0.8,2.6
43404,Laguna,Cabuyao City,1.5,0.5,30.3,0.8,2.3
43405,Laguna,Calamba City,1.9,0.3,15.5,1.4,2.4
43406,Laguna,Calauan,4.0,1.0,25.7,2.3,5.8
43407,Laguna,Cavinti,2.7,0.7,27.1,1.5,3.8
43408,Laguna,Famy,2.8,0.9,32.0,1.3,4.2
43409,Laguna,Kalayaan,5.1,2.2,44.3,1.4,8.7
43410,Laguna,Liliw,2.1,0.5,23.3,1.3,2.9
43411,Laguna,Los Baños,1.6,0.4,26.8,0.9,2.3
43412,Laguna,Luisiana,4.5,1.1,25.5,2.6,6.4
43413,Laguna,Lumban,2.3,0.7,29.3,1.2,3.4
43414,Laguna,Mabitac,3.0,0.8,27.4,1.6,4.3
43415,Laguna,Magdalena,7.8,1.8,22.4,4.9,10.7
43416,Laguna,Majayjay,3.1,0.6,19.9,2.1,4.1
43417,Laguna,Nagcarlan,2.4,0.5,20.7,1.6,3.2
43418,Laguna,Paete,5.4,1.7,31.5,2.6,8.2
43419,Laguna,Pagsanjan,2.3,0.6,24.4,1.4,3.3
43420,Laguna,Pakil,3.3,0.8,23.4,2.1,4.6
43421,Laguna,Pangil,5.8,1.7,30.0,2.9,8.7
43422,Laguna,Pila,2.4,0.5,22.4,1.5,3.2
43423,Laguna,Rizal,1.6,0.5,30.1,0.8,2.3
43424,Laguna,San Pablo City,2.1,0.3,12.4,1.7,2.5
43425,Laguna,San Pedro City,2.0,0.4,22.1,1.3,2.7
43426,Laguna,Santa Cruz,2.0,0.5,22.7,1.2,2.7
43427,Laguna,Santa Maria,6.2,1.4,22.3,3.9,8.5
43428,Laguna,Santa Rosa City,1.3,0.4,31.0,0.6,2.0
43429,Laguna,Siniloan,3.0,0.7,22.2,1.9,4.1
43430,Laguna,Victoria,3.8,1.1,28.5,2.0,5.5
45601,Quezon,Agdangan,14.0,2.8,20.1,9.4,18.6
45602,Quezon,Alabat,15.5,2.6,16.9,11.2,19.7
45603,Quezon,Atimonan,6.1,1.0,15.9,4.5,7.7
45605,Quezon,Buenavista,24.9,2.9,11.8,20.1,29.7
45606,Quezon,Burdeos,22.0,3.5,15.8,16.3,27.7
45607,Quezon,Calauag,9.8,1.3,13.1,7.7,11.9
45608,Quezon,Candelaria,6.2,0.9,14.8,4.7,7.7
45610,Quezon,Catanauan,11.3,1.5,13.0,8.9,13.8
45615,Quezon,Dolores,6.3,1.4,22.2,4.0,8.7
45616,Quezon,General Luna,18.4,2.6,14.1,14.1,22.6
45617,Quezon,General Nakar,18.6,3.5,18.8,12.9,24.3
45618,Quezon,Guinayangan,17.0,2.3,13.7,13.2,20.9
45619,Quezon,Gumaca,7.7,1.0,13.5,6.0,9.4
45620,Quezon,Infanta,7.6,1.2,16.0,5.6,9.6
45621,Quezon,Jomalig,25.8,5.3,20.7,17.0,34.5
45622,Quezon,Lopez,9.1,1.2,13.1,7.1,11.0
45623,Quezon,Lucban,4.0,0.8,19.3,2.7,5.3
45625,Quezon,Macalelon,19.2,2.3,11.7,15.5,22.9
45627,Quezon,Mauban,8.0,1.4,17.6,5.7,10.3
45628,Quezon,Mulanay,21.1,2.8,13.4,16.5,25.8
45629,Quezon,Padre Burgos,8.0,1.4,17.5,5.7,10.3
45630,Quezon,Pagbilao,6.3,1.1,17.4,4.5,8.1
45631,Quezon,Panukulan,22.3,3.8,17.1,16.0,28.6
45632,Quezon,Patnanungan,24.1,6.0,24.8,14.3,34.0
45633,Quezon,Perez,21.5,3.6,16.8,15.6,27.4
45634,Quezon,Pitogo,8.7,1.6,18.3,6.1,11.3
45635,Quezon,Plaridel,7.3,1.8,24.1,4.4,10.2
45636,Quezon,Polillo,10.7,1.7,16.0,7.9,13.6
45637,Quezon,Quezon,17.0,3.0,17.6,12.1,21.9
45638,Quezon,Real,8.7,1.6,18.4,6.1,11.3
45639,Quezon,Sampaloc,12.6,2.2,17.8,8.9,16.2
45640,Quezon,San Andres,20.7,4.4,21.0,13.5,27.8
45641,Quezon,San Antonio,16.5,2.5,15.1,12.4,20.6
45642,Quezon,San Francisco (Aurora),24.2,3.5,14.6,18.4,29.9
45644,Quezon,San Narciso,23.2,3.2,13.8,18.0,28.5
45645,Quezon,Sariaya,6.3,1.0,15.8,4.7,8.0
45646,Quezon,Tagkawayan,20.9,2.6,12.4,16.6,25.2
45647,Quezon,Tayabas City,6.3,0.9,14.5,4.8,7.8
45648,Quezon,Tiaong,6.8,1.2,17.1,4.9,8.7
45649,Quezon,Unisan,14.6,2.4,16.7,10.6,18.7
45801,Rizal,Angono,4.1,1.2,30.5,2.0,6.1
45802,Rizal,Antipolo City,5.4,0.9,17.1,3.9,6.9
45803,Rizal,Baras,6.4,2.6,40.0,2.2,10.6
45804,Rizal,Binangonan,3.8,0.8,19.8,2.6,5.1
45805,Rizal,Cainta,3.7,1.3,33.8,1.6,5.8
45806,Rizal,Cardona,4.7,1.0,22.0,3.0,6.4
45807,Rizal,Jala-Jala,12.4,2.4,19.2,8.5,16.3
45808,Rizal,Rodriguez (Montalban),5.6,1.8,31.5,2.7,8.5
45809,Rizal,Morong,3.8,1.1,28.6,2.0,5.6
45810,Rizal,Pililla,5.1,1.4,27.0,2.9,7.4
45811,Rizal,San Mateo,4.2,0.9,21.1,2.8,5.7
45812,Rizal,Tanay,6.4,1.4,22.6,4.0,8.7
45813,Rizal,Taytay,4.6,1.4,30.2,2.3,6.9
45814,Rizal,Teresa,4.1,1.3,31.6,2.0,6.3
174001,Marinduque,Boac,13.4,1.2,8.8,11.5,15.4
174002,Marinduque,Buenavista,19.7,3.1,15.9,14.5,24.8
174003,Marinduque,Gasan,15.7,2.0,12.8,12.4,18.9
174004,Marinduque,Mogpog,12.1,1.5,12.3,9.7,14.5
174005,Marinduque,Santa Cruz,13.5,1.4,10.0,11.3,15.8
174006,Marinduque,Torrijos,20.3,2.3,11.4,16.5,24.2
175101,Occidental Mindoro,Abra de Ilog,20.5,3.6,17.4,14.6,26.3
175102,Occidental Mindoro,Calintaan,19.0,3.4,18.1,13.3,24.6
175103,Occidental Mindoro,Looc,13.3,2.9,21.5,8.6,18.0
175104,Occidental Mindoro,Lubang,9.5,2.1,21.7,6.1,12.9
175105,Occidental Mindoro,Magsaysay,21.0,3.2,15.1,15.8,26.2
175106,Occidental Mindoro,Mamburao,13.2,2.7,20.4,8.7,17.6
175107,Occidental Mindoro,Paluan,22.6,3.9,17.3,16.2,29.1
175108,Occidental Mindoro,Rizal,21.3,3.3,15.4,15.9,26.7
175109,Occidental Mindoro,Sablayan,12.8,2.2,17.2,9.2,16.5
175110,Occidental Mindoro,San Jose,15.3,2.0,13.1,12.0,18.6
175111,Occidental Mindoro,Santa Cruz,16.8,3.3,19.8,11.3,22.3
175201,Oriental Mindoro,Baco,16.8,1.8,10.8,13.8,19.8
175202,Oriental Mindoro,Bansud,16.2,3.0,18.3,11.3,21.1
175203,Oriental Mindoro,Bongabong,16.5,1.8,10.9,13.6,19.4
175204,Oriental Mindoro,Bulalacao,23.9,3.8,15.8,17.7,30.2
175205,Oriental Mindoro,Calapan City,7.2,0.7,9.9,6.0,8.3
175206,Oriental Mindoro,Gloria,14.3,1.5,10.6,11.8,16.8
175207,Oriental Mindoro,Mansalay,23.3,3.1,13.4,18.2,28.4
175208,Oriental Mindoro,Naujan,12.4,1.1,8.7,10.6,14.2
175209,Oriental Mindoro,Pinamalayan,11.4,1.5,12.8,9.0,13.8
175210,Oriental Mindoro,Pola,14.9,2.1,14.1,11.4,18.3
175211,Oriental Mindoro,Puerto Galera,13.3,2.4,18.3,9.3,17.3
175212,Oriental Mindoro,Roxas,16.4,2.1,12.5,13.1,19.8
175213,Oriental Mindoro,San Teodoro,16.5,3.1,18.6,11.5,21.6
175214,Oriental Mindoro,Socorro,13.7,1.7,12.2,11.0,16.5
175215,Oriental Mindoro,Victoria,11.7,1.5,12.4,9.3,14.1
175301,Palawan,Aborlan,13.3,2.3,17.1,9.6,17.1
175302,Palawan,Agutaya,15.2,4.5,29.3,7.9,22.6
175303,Palawan,Araceli,19.2,2.8,14.3,14.7,23.7
175304,Palawan,Balabac,29.7,4.5,15.0,22.4,37.1
175305,Palawan,Bataraza,15.3,2.3,15.3,11.4,19.1
175306,Palawan,Brooke's Point,16.7,2.0,12.0,13.4,20.0
175307,Palawan,Busuanga,17.4,2.5,14.5,13.3,21.6
175308,Palawan,Cagayancillo,23.2,4.1,17.5,16.5,29.8
175309,Palawan,Coron,17.1,2.3,13.5,13.3,20.8
175310,Palawan,Cuyo,11.4,1.9,16.9,8.2,14.5
175311,Palawan,Dumaran,15.5,2.4,15.4,11.6,19.5
175312,Palawan,El Nido,16.3,2.1,12.6,13.0,19.7
175313,Palawan,Linapacan,21.8,3.3,15.0,16.5,27.2
175314,Palawan,Magsaysay,11.9,2.4,20.1,8.0,15.8
175315,Palawan,Narra,10.3,1.5,14.8,7.8,12.9
175317,Palawan,Quezon,18.8,2.7,14.5,14.3,23.3
175318,Palawan,Roxas,10.8,1.3,12.4,8.6,13.0
175319,Palawan,San Vicente,18.9,3.2,16.9,13.7,24.2
175320,Palawan,Taytay,17.9,2.2,12.1,14.3,21.5
175322,Palawan,Culion,15.8,2.6,16.6,11.5,20.1
175323,Palawan,Rizal,20.1,3.3,16.5,14.7,25.6
175324,Palawan,Sofronio Española,17.4,3.1,17.9,12.3,22.5
175901,Romblon,Alcantara,21.2,2.9,13.6,16.4,25.9
175902,Romblon,Banton,16.7,2.8,16.9,12.1,21.4
175903,Romblon,Cajidiocan,28.7,3.5,12.1,23.0,34.4
175904,Romblon,Calatrava,22.6,3.8,16.9,16.4,28.9
175905,Romblon,Concepcion,17.2,2.7,16.0,12.7,21.7
175906,Romblon,Corcuera,19.9,2.7,13.6,15.5,24.3
175907,Romblon,Looc,20.2,2.8,13.8,15.6,24.8
175908,Romblon,Magdiwang,26.1,3.9,14.9,19.7,32.4
175909,Romblon,Odiongan,9.6,1.4,14.3,7.4,11.9
175910,Romblon,Romblon,21.7,2.7,12.3,17.3,26.1
175911,Romblon,San Agustin,25.4,3.1,12.4,20.2,30.5
175912,Romblon,San Andres,21.8,2.9,13.1,17.1,26.5
175913,Romblon,San Fernando,29.3,3.7,12.6,23.2,35.3
175914,Romblon,San Jose,27.9,5.2,18.8,19.3,36.6
175915,Romblon,Santa Fe,26.5,3.6,13.5,20.7,32.4
175916,Romblon,Ferrol,20.3,4.1,20.4,13.5,27.0
175917,Romblon,Santa Maria,19.4,3.6,18.7,13.5,25.4
50501,Albay,Bacacay,31.5,2.2,7.1,27.8,35.2
50502,Albay,Camalig,21.1,2.0,9.3,17.8,24.3
50503,Albay,Daraga (Locsin),13.5,1.5,10.9,11.1,15.9
50504,Albay,Guinobatan,25.6,2.0,7.7,22.4,28.9
50505,Albay,Jovellar,37.5,3.2,8.6,32.2,42.9
50506,Albay,Legazpi City,13.8,1.3,9.1,11.7,15.8
50507,Albay,Libon,37.4,2.6,6.9,33.1,41.6
50508,Albay,Ligao City,23.1,1.6,6.9,20.4,25.7
50509,Albay,Malilipot,26.1,2.9,11.1,21.3,30.9
50510,Albay,Malinao,33.7,2.5,7.5,29.5,37.8
50511,Albay,Manito,37.2,3.5,9.3,31.5,42.9
50512,Albay,Oas,34.2,2.0,5.8,31.0,37.5
50513,Albay,Pio Duran,37.5,2.9,7.6,32.8,42.2
50514,Albay,Polangui,21.3,1.7,8.1,18.5,24.2
50515,Albay,Rapu-Rapu,42.7,2.7,6.2,38.3,47.1
50516,Albay,Santo Domingo,23.0,3.0,12.9,18.1,27.9
50517,Albay,Tabaco City,19.8,1.9,9.5,16.7,22.9
50518,Albay,Tiwi,23.6,2.8,11.9,19.0,28.2
51601,Camarines Norte,Basud,22.4,2.5,11.0,18.3,26.4
51602,Camarines Norte,Capalonga,38.7,3.1,8.1,33.6,43.9
51603,Camarines Norte,Daet,14.7,2.0,13.7,11.4,18.1
51604,Camarines Norte,San Lorenzo Ruiz,31.6,4.9,15.5,23.5,39.7
51605,Camarines Norte,Jose Panganiban,34.5,2.9,8.5,29.7,39.3
51606,Camarines Norte,Labo,25.1,2.0,8.1,21.7,28.4
51607,Camarines Norte,Mercedes,36.9,3.4,9.1,31.3,42.4
51608,Camarines Norte,Paracale,37.6,3.3,8.7,32.2,43.0
51609,Camarines Norte,San Vicente,27.2,4.4,16.2,20.0,34.5
51610,Camarines Norte,Santa Elena,35.8,4.2,11.7,28.9,42.7
51611,Camarines Norte,Talisay,24.5,2.8,11.5,19.8,29.1
51612,Camarines Norte,Vinzons,24.3,3.1,12.9,19.2,29.5
51701,Camarines Sur,Baao,26.2,2.8,10.7,21.6,30.8
51702,Camarines Sur,Balatan,38.4,4.7,12.1,30.7,46.0
51703,Camarines Sur,Bato,30.9,2.9,9.5,26.0,35.7
51704,Camarines Sur,Bombon,23.8,4.1,17.2,17.0,30.5
51705,Camarines Sur,Buhi,29.8,2.6,8.8,25.5,34.2
51706,Camarines Sur,Bula,25.1,2.7,10.7,20.7,29.4
51707,Camarines Sur,Cabusao,28.1,4.8,17.2,20.1,36.0
51708,Camarines Sur,Calabanga,26.8,2.2,8.0,23.2,30.3
51709,Camarines Sur,Camaligan,17.4,2.8,15.9,12.9,22.0
51710,Camarines Sur,Canaman,13.9,1.8,13.2,10.9,17.0
51711,Camarines Sur,Caramoan,25.3,2.5,9.7,21.3,29.4
51712,Camarines Sur,Del Gallego,30.6,3.0,9.7,25.7,35.5
51713,Camarines Sur,Gainza,26.1,4.2,16.0,19.2,33.0
51714,Camarines Sur,Garchitorena,41.2,3.2,7.8,35.9,46.4
51715,Camarines Sur,Goa,28.6,2.7,9.4,24.2,33.0
51716,Camarines Sur,Iriga City,13.6,1.7,12.8,10.8,16.5
51717,Camarines Sur,Lagonoy,30.1,2.4,8.0,26.1,34.0
51718,Camarines Sur,Libmanan,29.5,2.0,6.8,26.2,32.8
51719,Camarines Sur,Lupi,20.6,2.6,12.5,16.4,24.9
51720,Camarines Sur,Magarao,16.3,3.1,18.7,11.3,21.3
51721,Camarines Sur,Milaor,17.7,2.6,14.8,13.4,22.0
51722,Camarines Sur,Minalabac,32.2,3.1,9.6,27.1,37.3
51723,Camarines Sur,Nabua,15.5,2.0,12.6,12.3,18.7
51724,Camarines Sur,Naga City,9.1,1.6,17.8,6.5,11.8
51725,Camarines Sur,Ocampo,31.0,2.7,8.8,26.5,35.5
51726,Camarines Sur,Pamplona,30.8,3.8,12.2,24.6,37.0
51727,Camarines Sur,Pasacao,32.8,3.8,11.6,26.5,39.0
51728,Camarines Sur,Pili,16.1,2.1,13.3,12.5,19.6
51729,Camarines Sur,Presentacion,38.0,4.2,10.9,31.2,44.9
51730,Camarines Sur,Ragay,30.4,2.9,9.6,25.6,35.2
51731,Camarines Sur,Sagñay,33.9,3.8,11.2,27.7,40.2
51732,Camarines Sur,San Fernando,28.0,3.1,10.9,23.0,33.1
51733,Camarines Sur,San Jose,24.9,2.3,9.4,21.1,28.8
51734,Camarines Sur,Sipocot,29.1,2.6,9.1,24.8,33.5
51735,Camarines Sur,Siruma,37.8,3.7,9.7,31.7,43.8
51736,Camarines Sur,Tigaon,28.7,2.6,9.2,24.4,33.0
51737,Camarines Sur,Tinambac,36.8,2.7,7.4,32.3,41.2
52001,Catanduanes,Bagamanoc,22.7,3.3,14.4,17.3,28.1
52002,Catanduanes,Baras,25.7,2.7,10.6,21.2,30.1
52003,Catanduanes,Bato,14.6,2.3,16.0,10.7,18.4
52004,Catanduanes,Caramoran,34.9,3.2,9.1,29.6,40.1
52005,Catanduanes,Gigmoto,27.1,3.7,13.6,21.0,33.2
52006,Catanduanes,Pandan,22.8,2.7,11.8,18.3,27.2
52007,Catanduanes,Panganiban,21.9,3.0,13.7,17.0,26.9
52008,Catanduanes,San Andres,25.5,2.6,10.0,21.3,29.7
52009,Catanduanes,San Miguel,26.7,3.3,12.2,21.4,32.1
52010,Catanduanes,Viga,29.1,2.5,8.6,24.9,33.2
52011,Catanduanes,Virac,11.2,1.3,11.3,9.1,13.2
54101,Masbate,Aroroy,37.3,2.7,7.1,32.9,41.6
54102,Masbate,Baleno,33.1,3.0,9.1,28.1,38.0
54103,Masbate,Balud,31.7,2.6,8.3,27.4,36.1
54104,Masbate,Batuan,29.3,3.4,11.6,23.7,34.9
54105,Masbate,Cataingan,23.4,2.4,10.1,19.5,27.3
54106,Masbate,Cawayan,24.3,2.4,9.9,20.3,28.2
54107,Masbate,Claveria,36.3,3.6,9.9,30.4,42.3
54108,Masbate,Dimasalang,33.9,3.5,10.4,28.2,39.7
54109,Masbate,Esperanza,31.7,3.0,9.5,26.7,36.6
54110,Masbate,Mandaon,32.4,3.0,9.3,27.4,37.3
54111,Masbate,Masbate City,19.6,2.2,11.2,16.0,23.2
54112,Masbate,Milagros,36.4,2.8,7.6,31.8,40.9
54113,Masbate,Mobo,24.7,2.5,10.3,20.5,28.8
54114,Masbate,Monreal,39.8,4.1,10.3,33.0,46.5
54115,Masbate,Palanas,30.5,3.1,10.0,25.5,35.5
54116,Masbate,Pio V. Corpuz,29.7,3.1,10.4,24.7,34.8
54117,Masbate,Placer,33.1,2.5,7.6,29.0,37.2
54118,Masbate,San Fernando,27.2,2.7,9.8,22.8,31.6
54119,Masbate,San Jacinto,27.1,3.0,10.9,22.2,31.9
54120,Masbate,San Pascual,38.2,3.7,9.7,32.1,44.3
54121,Masbate,Uson,36.5,2.9,7.9,31.7,41.2
56202,Sorsogon,Barcelona,28.4,2.6,9.2,24.0,32.7
56203,Sorsogon,Bulan,29.5,2.0,6.8,26.2,32.8
56204,Sorsogon,Bulusan,29.0,2.7,9.4,24.5,33.5
56205,Sorsogon,Casiguran,30.6,2.8,9.2,26.0,35.2
56206,Sorsogon,Castilla,35.4,3.0,8.6,30.4,40.4
56207,Sorsogon,Donsol,37.1,2.7,7.4,32.6,41.6
56208,Sorsogon,Gubat,26.4,2.2,8.2,22.8,29.9
56209,Sorsogon,Irosin,32.6,2.7,8.2,28.3,37.0
56210,Sorsogon,Juban,35.7,3.3,9.2,30.3,41.2
56211,Sorsogon,Magallanes,35.9,3.1,8.6,30.8,41.0
56212,Sorsogon,Matnog,37.1,2.5,6.8,33.0,41.3
56213,Sorsogon,Pilar,37.1,2.4,6.4,33.2,41.0
56214,Sorsogon,Prieto Diaz,34.0,3.2,9.5,28.7,39.3
56215,Sorsogon,Santa Magdalena,32.8,4.0,12.2,26.2,39.3
56216,Sorsogon,Sorsogon City,18.1,1.8,9.7,15.2,21.0
60401,Aklan,Altavas,14.6,2.0,13.9,11.3,18.0
60402,Aklan,Balete,17.3,2.7,15.6,12.8,21.7
60403,Aklan,Banga,10.6,1.3,12.1,8.5,12.7
60404,Aklan,Batan,14.7,1.9,13.1,11.5,17.8
60405,Aklan,Buruanga,16.4,2.9,17.5,11.7,21.1
60406,Aklan,Ibajay,13.9,1.6,11.6,11.3,16.6
60407,Aklan,Kalibo,6.9,1.4,19.6,4.7,9.1
60408,Aklan,Lezo,9.9,1.8,18.2,6.9,12.8
60409,Aklan,Libacao,25.7,2.6,10.3,21.3,30.0
60410,Aklan,Madalag,21.7,2.6,12.0,17.4,26.0
60411,Aklan,Makato,14.0,2.0,14.5,10.7,17.4
60412,Aklan,Malay,13.4,3.3,24.3,8.0,18.7
60413,Aklan,Malinao,14.6,1.9,13.2,11.4,17.8
60414,Aklan,Nabas,16.9,2.0,11.9,13.6,20.2
60415,Aklan,New Washington,11.4,1.8,16.0,8.4,14.3
60416,Aklan,Numancia,6.6,1.3,19.5,4.5,8.7
60417,Aklan,Tangalan,15.3,2.7,17.5,10.9,19.7
60601,Antique,Anini-Y,18.8,2.0,10.8,15.4,22.1
60602,Antique,Barbaza,19.9,2.2,11.0,16.3,23.5
60603,Antique,Belizon,13.2,2.6,19.9,8.9,17.5
60604,Antique,Bugasong,19.9,1.9,9.6,16.8,23.1
60605,Antique,Caluya,30.3,4.5,14.8,22.9,37.6
60606,Antique,Culasi,22.6,2.1,9.3,19.1,26.1
60607,Antique,Tobias Fornier,22.5,2.0,9.1,19.1,25.8
60608,Antique,Hamtic,18.5,1.8,9.5,15.6,21.3
60609,Antique,Laua-an,21.9,1.8,8.4,18.9,24.9
60610,Antique,Libertad,19.7,2.8,14.2,15.1,24.3
60611,Antique,Pandan,18.7,2.1,11.1,15.3,22.1
60612,Antique,Patnongon,21.9,2.1,9.6,18.5,25.4
60613,Antique,San Jose,10.4,1.5,14.8,7.8,12.9
60614,Antique,San Remigio,33.1,2.3,7.0,29.3,36.9
60615,Antique,Sebaste,21.2,3.2,15.1,15.9,26.4
60616,Antique,Sibalom,17.7,1.5,8.4,15.2,20.1
60617,Antique,Tibiao,20.7,2.3,11.2,16.9,24.5
60618,Antique,Valderrama,42.6,4.1,9.6,35.9,49.3
61901,Capiz,Cuartero,6.4,1.5,23.3,3.9,8.8
61902,Capiz,Dao,6.6,1.8,26.9,3.7,9.5
61903,Capiz,Dumalag,4.1,1.3,32.1,2.0,6.3
61904,Capiz,Dumarao,8.2,1.6,19.4,5.6,10.8
61905,Capiz,Ivisan,6.4,1.7,26.4,3.6,9.1
61906,Capiz,Jamindan,12.8,2.0,15.3,9.6,16.0
61907,Capiz,Ma-ayon,10.4,1.7,16.1,7.6,13.1
61908,Capiz,Mambusao,4.8,1.3,26.5,2.7,6.9
61909,Capiz,Panay,6.2,1.2,20.1,4.1,8.2
61910,Capiz,Panitan,4.8,1.3,26.0,2.7,6.9
61911,Capiz,Pilar,8.9,1.7,18.8,6.1,11.6
61912,Capiz,Pontevedra,6.1,1.4,23.8,3.7,8.4
61913,Capiz,President Roxas,6.9,1.8,25.5,4.0,9.8
61914,Capiz,Roxas City,7.3,1.7,22.7,4.6,10.1
61915,Capiz,Sapi-An,9.0,2.4,27.0,5.0,12.9
61916,Capiz,Sigma,6.4,1.6,24.8,3.8,9.0
61917,Capiz,Tapaz,12.4,1.6,13.1,9.8,15.1
63001,Iloilo,Ajuy,23.1,1.8,7.7,20.2,26.0
63002,Iloilo,Alimodian,23.7,1.8,7.6,20.7,26.7
63003,Iloilo,Anilao,22.6,2.2,9.8,19.0,26.3
63004,Iloilo,Badiangan,16.0,1.6,10.0,13.3,18.6
63005,Iloilo,Balasan,20.7,2.0,9.5,17.5,24.0
63006,Iloilo,Banate,18.8,2.1,11.2,15.3,22.3
63007,Iloilo,Barotac Nuevo,15.7,1.4,9.1,13.3,18.0
63008,Iloilo,Barotac Viejo,19.5,2.1,10.8,16.0,23.0
63009,Iloilo,Batad,23.8,2.8,11.7,19.2,28.3
63010,Iloilo,Bingawan,22.4,3.3,14.5,17.0,27.7
63012,Iloilo,Cabatuan,13.5,1.1,8.2,11.7,15.3
63013,Iloilo,Calinog,27.0,2.0,7.3,23.8,30.2
63014,Iloilo,Carles,35.8,2.7,7.6,31.3,40.3
63015,Iloilo,Concepcion,29.2,2.8,9.7,24.5,33.9
63016,Iloilo,Dingle,17.5,1.8,10.1,14.6,20.4
63017,Iloilo,Dueñas,20.5,1.4,7.0,18.2,22.9
63018,Iloilo,Dumangas,14.1,1.4,9.7,11.9,16.4
63019,Iloilo,Estancia,22.8,2.2,9.7,19.2,26.4
63020,Iloilo,Guimbal,11.5,1.3,11.3,9.3,13.6
63021,Iloilo,Igbaras,25.5,2.3,9.0,21.7,29.2
63023,Iloilo,Janiuay,21.6,1.6,7.5,19.0,24.3
63025,Iloilo,Lambunao,22.0,1.4,6.2,19.7,24.2
63026,Iloilo,Leganes,12.4,1.7,14.0,9.5,15.3
63027,Iloilo,Lemery,19.8,1.8,9.0,16.9,22.7
63028,Iloilo,Leon,22.1,1.6,7.2,19.5,24.7
63029,Iloilo,Maasin,20.9,1.7,7.9,18.2,23.6
63030,Iloilo,Miagao,17.4,1.1,6.5,15.6,19.3
63031,Iloilo,Mina,16.1,1.9,11.5,13.0,19.1
63032,Iloilo,New Lucena,12.0,1.9,15.4,9.0,15.1
63034,Iloilo,Oton,11.7,1.3,11.5,9.5,13.9
63035,Iloilo,Passi City,21.1,1.5,7.2,18.6,23.6
63036,Iloilo,Pavia,7.8,1.3,16.0,5.8,9.9
63037,Iloilo,Pototan,15.4,1.2,7.6,13.4,17.3
63038,Iloilo,San Dionisio,26.7,2.4,8.9,22.8,30.7
63039,Iloilo,San Enrique,22.2,2.1,9.7,18.7,25.7
63040,Iloilo,San Joaquin,26.2,1.9,7.3,23.0,29.3
63041,Iloilo,San Miguel,14.0,1.9,13.7,10.9,17.1
63042,Iloilo,San Rafael,21.3,3.3,15.3,15.9,26.7
63043,Iloilo,Santa Barbara,11.4,1.1,9.7,9.6,13.2
63044,Iloilo,Sara,19.8,1.6,8.0,17.2,22.4
63045,Iloilo,Tigbauan,15.6,1.4,8.7,13.4,17.8
63046,Iloilo,Tubungan,25.4,2.3,9.1,21.6,29.2
63047,Iloilo,Zarraga,10.8,1.5,13.7,8.4,13.3
64502,Negros Occidental,Bago City,13.0,2.0,15.4,9.7,16.3
64503,Negros Occidental,Binalbagan,16.4,2.7,16.5,12.0,20.9
64504,Negros Occidental,Cadiz City,24.9,2.6,10.5,20.6,29.1
64505,Negros Occidental,Calatrava,34.0,3.5,10.4,28.1,39.8
64506,Negros Occidental,Candoni,24.8,4.1,16.6,18.0,31.6
64507,Negros Occidental,Cauayan,27.3,2.6,9.4,23.0,31.5
64508,Negros Occidental,Enrique B. Magalona,21.6,2.9,13.3,16.9,26.3
64509,Negros Occidental,Escalante City,25.3,3.4,13.2,19.8,30.8
64510,Negros Occidental,Himamaylan City,24.0,2.7,11.4,19.5,28.4
64511,Negros Occidental,Hinigaran,19.4,2.8,14.4,14.8,23.9
64512,Negros Occidental,Hinoba-An (Asia),24.6,3.6,14.5,18.8,30.5
64513,Negros Occidental,Ilog,16.9,2.5,14.6,12.8,21.0
64514,Negros Occidental,Isabela,28.0,3.1,10.9,23.0,33.0
64515,Negros Occidental,Kabankalan City,28.6,3.2,11.1,23.4,33.8
64516,Negros Occidental,La Carlota City,12.4,2.1,17.3,8.8,15.9
64517,Negros Occidental,La Castellana,27.0,4.3,16.0,19.9,34.1
64518,Negros Occidental,Manapla,24.0,3.8,15.8,17.7,30.2
64519,Negros Occidental,Moises Padilla (Magallon),32.3,3.8,11.6,26.1,38.5
64520,Negros Occidental,Murcia,21.3,3.3,15.5,15.9,26.7
64521,Negros Occidental,Pontevedra,12.5,1.8,14.6,9.5,15.5
64522,Negros Occidental,Pulupandan,7.7,1.4,18.6,5.4,10.1
64523,Negros Occidental,Sagay City,24.1,2.7,11.4,19.6,28.6
64524,Negros Occidental,San Carlos City,28.1,4.0,14.2,21.5,34.6
64525,Negros Occidental,San Enrique,10.4,2.6,24.7,6.2,14.6
64526,Negros Occidental,Silay City,17.6,2.8,16.1,12.9,22.3
64527,Negros Occidental,Sipalay City,23.5,3.4,14.5,17.9,29.1
64528,Negros Occidental,Talisay City,3.5,1.2,34.4,1.5,5.5
64529,Negros Occidental,Toboso,20.3,4.2,20.9,13.3,27.2
64530,Negros Occidental,Valladolid,10.3,1.9,18.9,7.1,13.5
64531,Negros Occidental,Victorias City,12.9,2.2,17.0,9.3,16.5
64532,Negros Occidental,Salvador Benedicto,32.4,5.3,16.4,23.7,41.1
67901,Guimaras,Buenavista,7.0,1.3,18.3,4.9,9.1
67902,Guimaras,Jordan,10.3,2.2,21.0,6.8,13.9
67903,Guimaras,Nueva Valencia,15.2,2.4,16.0,11.2,19.2
67904,Guimaras,San Lorenzo,15.9,3.6,22.7,10.0,21.8
67905,Guimaras,Sibunag,14.6,2.8,18.9,10.1,19.1
71201,Bohol,Alburquerque,10.4,1.8,17.3,7.4,13.4
71202,Bohol,Alicia,27.6,3.3,11.9,22.2,33.0
71203,Bohol,Anda,25.4,2.9,11.2,20.6,30.2
71204,Bohol,Antequera,15.6,2.2,14.0,12.0,19.2
71205,Bohol,Baclayon,11.2,1.6,14.2,8.6,13.8
71206,Bohol,Balilihan,20.5,1.9,9.2,17.4,23.6
71207,Bohol,Batuan,23.3,2.5,10.6,19.2,27.4
71208,Bohol,Bilar,20.1,2.2,10.8,16.5,23.7
71209,Bohol,Buenavista,32.6,2.5,7.8,28.5,36.7
71210,Bohol,Calape,17.4,1.5,8.4,14.9,19.9
71211,Bohol,Candijay,21.4,2.2,10.4,17.8,25.0
71212,Bohol,Carmen,25.0,2.3,9.2,21.2,28.8
71213,Bohol,Catigbian,23.0,2.4,10.6,19.1,27.0
71214,Bohol,Clarin,17.4,2.0,11.5,14.1,20.7
71215,Bohol,Corella,10.1,2.2,21.4,6.5,13.7
71216,Bohol,Cortes,12.5,1.8,14.4,9.5,15.5
71217,Bohol,Dagohoy,27.5,3.2,11.7,22.2,32.8
71218,Bohol,Danao,29.2,2.6,8.9,24.9,33.5
71219,Bohol,Dauis,10.8,1.9,17.5,7.7,13.9
71220,Bohol,Dimiao,22.2,1.9,8.7,19.1,25.3
71221,Bohol,Duero,21.6,2.1,9.5,18.2,25.1
71222,Bohol,Garcia Hernandez,17.6,1.8,10.3,14.6,20.6
71223,Bohol,Guindulman,23.2,2.2,9.4,19.6,26.8
71224,Bohol,Inabanga,25.4,1.8,7.2,22.4,28.4
71225,Bohol,Jagna,17.9,1.7,9.3,15.1,20.7
71226,Bohol,Getafe,33.9,2.4,7.1,30.0,37.9
71227,Bohol,Lila,17.9,2.2,12.2,14.3,21.5
71228,Bohol,Loay,10.4,1.4,13.5,8.1,12.7
71229,Bohol,Loboc,12.8,1.7,12.9,10.0,15.6
71230,Bohol,Loon,17.8,1.2,6.8,15.8,19.8
71231,Bohol,Mabini,26.9,2.6,9.6,22.6,31.2
71232,Bohol,Maribojoc,10.8,1.5,14.0,8.3,13.3
71233,Bohol,Panglao,12.6,2.3,18.3,8.8,16.4
71234,Bohol,Pilar,31.3,2.9,9.2,26.5,36.1
71235,Bohol,Pres. Carlos P. Garcia,36.5,2.9,7.9,31.7,41.3
71236,Bohol,Sagbayan,21.5,2.0,9.1,18.2,24.8
71237,Bohol,San Isidro,25.8,3.1,12.1,20.7,30.9
71238,Bohol,San Miguel,27.1,2.6,9.5,22.8,31.4
71239,Bohol,Sevilla,22.1,2.8,12.6,17.5,26.7
71240,Bohol,Sierra Bullones,27.3,2.3,8.4,23.5,31.1
71241,Bohol,Sikatuna,15.6,2.7,17.1,11.2,20.0
71242,Bohol,Tagbilaran City,3.4,0.8,22.9,2.1,4.7
71243,Bohol,Talibon,26.5,1.8,6.9,23.5,29.5
71244,Bohol,Trinidad,25.2,2.3,9.0,21.4,29.0
71245,Bohol,Tubigon,16.3,1.6,9.9,13.7,18.9
71246,Bohol,Ubay,25.7,1.8,7.0,22.7,28.7
71247,Bohol,Valencia,22.0,1.4,6.5,19.7,24.3
71248,Bohol,Bien Unido,32.0,3.0,9.5,27.1,36.9
72201,Cebu,Alcantara,22.3,3.4,15.3,16.7,27.9
72202,Cebu,Alcoy,22.9,3.6,15.8,17.0,28.8
72203,Cebu,Alegria,23.2,3.3,14.2,17.8,28.6
72204,Cebu,Aloguinsan,22.7,2.8,12.2,18.1,27.3
72205,Cebu,Argao,15.9,1.3,8.4,13.8,18.0
72206,Cebu,Asturias,26.0,2.5,9.6,21.9,30.1
72207,Cebu,Badian,26.5,2.2,8.1,22.9,30.1
72208,Cebu,Balamban,18.9,2.1,11.2,15.5,22.4
72209,Cebu,Bantayan,23.5,2.1,9.0,20.1,27.0
72210,Cebu,Barili,23.5,1.6,6.9,20.9,26.1
72211,Cebu,Bogo City,13.1,1.6,12.1,10.5,15.7
72212,Cebu,Boljoon,23.3,3.0,12.9,18.4,28.2
72213,Cebu,Borbon,20.7,2.3,11.1,16.9,24.5
72214,Cebu,Carcar City,13.8,2.0,14.5,10.5,17.1
72215,Cebu,Carmen,14.1,1.6,11.0,11.5,16.7
72216,Cebu,Catmon,16.1,1.9,12.0,13.0,19.2
72218,Cebu,Compostela,12.4,1.4,10.9,10.1,14.7
72219,Cebu,Consolacion,6.6,1.3,19.3,4.5,8.7
72220,Cebu,Cordoba,9.0,1.7,18.7,6.2,11.8
72221,Cebu,Daanbantayan,17.8,2.0,11.3,14.5,21.1
72222,Cebu,Dalaguete,25.2,1.9,7.5,22.1,28.3
72223,Cebu,Danao City,14.3,1.1,7.8,12.5,16.1
72224,Cebu,Dumanjug,22.3,1.7,7.5,19.5,25.1
72225,Cebu,Ginatilan,19.8,2.7,13.8,15.4,24.2
72227,Cebu,Liloan,7.2,1.4,19.3,4.9,9.5
72228,Cebu,Madridejos,19.5,2.5,12.6,15.4,23.6
72229,Cebu,Malabuyoc,27.0,2.9,10.9,22.2,31.8
72231,Cebu,Medellin,20.2,2.0,9.7,16.9,23.5
72232,Cebu,Minglanilla,7.7,1.3,17.3,5.6,9.8
72233,Cebu,Moalboal,16.9,2.4,14.1,13.0,20.9
72234,Cebu,Naga City,15.3,1.6,10.4,12.7,17.9
72235,Cebu,Oslob,22.6,2.1,9.2,19.2,26.1
72236,Cebu,Pilar,23.5,3.1,13.2,18.4,28.6
72237,Cebu,Pinamungajan,24.0,2.2,9.1,20.4,27.6
72238,Cebu,Poro,21.0,2.4,11.5,17.1,25.0
72239,Cebu,Ronda,21.2,2.4,11.4,17.3,25.2
72240,Cebu,Samboan,21.6,2.3,10.8,17.8,25.4
72241,Cebu,San Fernando,15.0,1.7,11.6,12.2,17.8
72242,Cebu,San Francisco,31.7,3.1,9.7,26.6,36.8
72243,Cebu,San Remigio,15.9,1.9,11.8,12.8,19.0
72244,Cebu,Santa Fe,24.9,3.1,12.3,19.8,30.0
72245,Cebu,Santander,18.7,2.7,14.4,14.3,23.1
72246,Cebu,Sibonga,18.6,1.6,8.8,16.0,21.2
72247,Cebu,Sogod,19.2,2.3,12.2,15.4,23.0
72248,Cebu,Tabogon,21.5,2.1,10.0,18.1,25.0
72249,Cebu,Tabuelan,22.2,2.8,12.7,17.6,26.8
72250,Cebu,Talisay City,8.2,1.0,12.3,6.6,9.9
72251,Cebu,Toledo City,17.2,1.5,8.7,14.7,19.7
72252,Cebu,Tuburan,24.4,1.8,7.2,21.4,27.4
72253,Cebu,Tudela,19.7,3.6,18.1,13.8,25.6
74601,Negros Oriental,Amlan,12.7,2.6,20.6,8.4,17.0
74602,Negros Oriental,Ayungon,30.5,2.6,8.5,26.2,34.8
74603,Negros Oriental,Bacong,13.9,1.8,13.0,10.9,16.9
74604,Negros Oriental,Bais City,22.8,2.1,9.0,19.4,26.3
74605,Negros Oriental,Basay,29.1,3.8,13.0,22.9,35.4
74606,Negros Oriental,Bayawan City,29.5,2.5,8.5,25.4,33.6
74607,Negros Oriental,Bindoy,37.8,3.5,9.2,32.0,43.6
74608,Negros Oriental,Canlaon City,23.6,3.0,12.6,18.7,28.5
74609,Negros Oriental,Dauin,17.5,1.9,11.0,14.4,20.6
74610,Negros Oriental,Dumaguete City,3.2,0.7,21.2,2.1,4.4
74611,Negros Oriental,Guihulngan City,31.7,2.5,7.8,27.6,35.8
74612,Negros Oriental,Jimalalud,33.3,2.6,7.8,29.0,37.6
74613,Negros Oriental,La Libertad,31.4,2.7,8.6,27.0,35.8
74614,Negros Oriental,Mabinay,32.7,2.7,8.3,28.3,37.1
74615,Negros Oriental,Manjuyod,25.1,2.3,9.3,21.3,28.9
74616,Negros Oriental,Pamplona,25.6,2.3,8.9,21.8,29.4
74617,Negros Oriental,San Jose,17.1,2.2,12.9,13.5,20.7
74618,Negros Oriental,Santa Catalina,28.6,2.9,10.0,23.8,33.4
74619,Negros Oriental,Siaton,30.7,2.4,8.0,26.8,34.7
74620,Negros Oriental,Sibulan,10.9,1.5,13.7,8.4,13.4
74621,Negros Oriental,Tanjay City,18.9,1.8,9.4,15.9,21.9
74622,Negros Oriental,Tayasan,29.2,2.3,7.8,25.4,33.0
74623,Negros Oriental,Valencia,13.0,1.5,11.1,10.5,15.5
74624,Negros Oriental,Vallehermoso,32.3,3.4,10.5,26.7,37.9
74625,Negros Oriental,Zamboanguita,17.5,3.2,18.2,12.2,22.8
76101,Siquijor,Enrique Villanueva,14.4,2.0,13.7,11.1,17.7
76102,Siquijor,Larena,9.5,1.1,12.1,7.7,11.3
76103,Siquijor,Lazi,20.3,2.6,12.6,16.0,24.6
76104,Siquijor,Maria,24.9,2.2,8.8,21.3,28.5
76105,Siquijor,San Juan,13.0,2.2,17.2,9.4,16.6
76106,Siquijor,Siquijor,13.1,1.4,10.4,10.8,15.4
82601,Eastern Samar,Arteche,58.7,2.9,5.0,53.9,63.5
82602,Eastern Samar,Balangiga,50.1,3.2,6.5,44.7,55.4
82603,Eastern Samar,Balangkayan,50.4,3.3,6.6,45.0,55.9
82604,Eastern Samar,Borongan City,37.4,1.7,4.6,34.6,40.3
82605,Eastern Samar,Can-avid,52.2,2.0,3.9,48.8,55.6
82606,Eastern Samar,Dolores,55.3,2.1,3.8,51.9,58.8
82607,Eastern Samar,General MacArthur,58.0,2.5,4.2,53.9,62.0
82608,Eastern Samar,Giporlos,51.6,2.8,5.4,47.0,56.1
82609,Eastern Samar,Guiuan,43.4,1.8,4.0,40.5,46.2
82610,Eastern Samar,Hernani,49.7,3.6,7.2,43.8,55.6
82611,Eastern Samar,Jipapad,65.5,3.3,5.0,60.1,70.8
82612,Eastern Samar,Lawaan,46.6,3.3,7.0,41.2,52.0
82613,Eastern Samar,Llorente,51.8,2.4,4.6,47.9,55.7
82614,Eastern Samar,Maslog,73.4,4.2,5.7,66.6,80.3
82615,Eastern Samar,Maydolong,46.4,2.9,6.2,41.7,51.1
82616,Eastern Samar,Mercedes,37.9,2.5,6.7,33.8,42.1
82617,Eastern Samar,Oras,55.2,2.0,3.6,51.9,58.5
82618,Eastern Samar,Quinapondan,51.3,2.3,4.5,47.5,55.0
82619,Eastern Samar,Salcedo,44.9,2.1,4.7,41.4,48.4
82620,Eastern Samar,San Julian,48.4,3.2,6.7,43.1,53.7
82621,Eastern Samar,San Policarpo,55.8,3.3,6.0,50.4,61.3
82622,Eastern Samar,Sulat,45.6,2.8,6.1,41.0,50.1
82623,Eastern Samar,Taft,47.6,2.6,5.4,43.4,51.8
83701,Leyte,Abuyog,28.2,1.8,6.3,25.3,31.1
83702,Leyte,Alangalang,31.1,2.0,6.5,27.7,34.4
83703,Leyte,Albuera,27.2,3.4,12.5,21.6,32.8
83705,Leyte,Babatngon,33.1,2.7,8.2,28.6,37.6
83706,Leyte,Barugo,26.5,2.1,7.9,23.1,29.9
83707,Leyte,Bato,29.2,2.5,8.5,25.1,33.2
83708,Leyte,Baybay City,22.8,1.6,6.9,20.2,25.4
83710,Leyte,Burauen,27.8,1.6,5.8,25.2,30.4
83713,Leyte,Calubian,29.4,2.0,6.6,26.1,32.6
83714,Leyte,Capoocan,32.9,3.0,9.1,27.9,37.8
83715,Leyte,Carigara,25.0,1.7,6.7,22.2,27.8
83717,Leyte,Dagami,33.7,1.8,5.4,30.7,36.7
83718,Leyte,Dulag,24.6,1.8,7.4,21.6,27.6
83719,Leyte,Hilongos,26.1,1.9,7.3,22.9,29.2
83720,Leyte,Hindang,23.6,2.6,11.0,19.4,27.9
83721,Leyte,Inopacan,26.2,3.0,11.3,21.3,31.0
83722,Leyte,Isabel,17.8,2.1,12.0,14.3,21.3
83723,Leyte,Jaro,31.6,1.9,6.0,28.5,34.7
83724,Leyte,Javier (Bugho),30.7,2.5,8.0,26.7,34.7
83725,Leyte,Julita,28.4,2.5,8.9,24.2,32.5
83726,Leyte,Kananga,31.1,2.8,8.9,26.5,35.6
83728,Leyte,La Paz,31.6,2.5,7.8,27.6,35.7
83729,Leyte,Leyte,36.9,2.8,7.6,32.3,41.6
83730,Leyte,MacArthur,29.6,2.4,8.2,25.7,33.6
83731,Leyte,Mahaplag,31.9,2.8,8.6,27.3,36.4
83733,Leyte,Matag-ob,29.2,2.8,9.6,24.6,33.8
83734,Leyte,Matalom,26.5,2.1,8.0,23.0,30.0
83735,Leyte,Mayorga,29.6,3.0,10.1,24.6,34.5
83736,Leyte,Merida,23.0,2.8,12.2,18.4,27.6
83738,Leyte,Ormoc City,22.1,1.6,7.3,19.5,24.8
83739,Leyte,Palo,18.6,1.8,9.7,15.6,21.5
83740,Leyte,Palompon,20.8,1.8,8.6,17.9,23.8
83741,Leyte,Pastrana,28.5,2.4,8.4,24.6,32.4
83742,Leyte,San Isidro,32.7,2.9,8.9,27.9,37.5
83743,Leyte,San Miguel,33.2,2.5,7.6,29.1,37.4
83744,Leyte,Santa Fe,27.9,2.9,10.3,23.2,32.7
83745,Leyte,Tabango,30.8,3.2,10.4,25.6,36.1
83746,Leyte,Tabontabon,30.6,2.7,8.8,26.2,35.1
83748,Leyte,Tanauan,20.9,1.7,8.0,18.2,23.7
83749,Leyte,Tolosa,21.0,2.7,12.6,16.6,25.3
83750,Leyte,Tunga,18.2,3.2,17.4,13.0,23.5
83751,Leyte,Villaba,26.3,2.2,8.4,22.6,29.9
84801,Northern Samar,Allen,24.0,2.5,10.6,19.8,28.1
84802,Northern Samar,Biri,41.8,4.1,9.7,35.1,48.4
84803,Northern Samar,Bobon,34.6,3.1,8.8,29.6,39.6
84804,Northern Samar,Capul,37.4,3.8,10.3,31.1,43.7
84805,Northern Samar,Catarman,30.3,1.5,5.1,27.7,32.8
84806,Northern Samar,Catubig,44.1,2.4,5.3,40.3,48.0
84807,Northern Samar,Gamay,33.5,2.4,7.1,29.5,37.4
84808,Northern Samar,Laoang,39.8,1.9,4.8,36.7,42.9
84809,Northern Samar,Lapinig,37.7,3.3,8.7,32.3,43.1
84810,Northern Samar,Las Navas,50.1,1.9,3.8,46.9,53.3
84811,Northern Samar,Lavezares,34.1,2.4,7.1,30.1,38.1
84812,Northern Samar,Mapanas,42.5,3.4,7.9,37.0,48.1
84813,Northern Samar,Mondragon,39.5,3.4,8.6,34.0,45.1
84814,Northern Samar,Palapag,40.0,2.4,5.9,36.1,43.9
84815,Northern Samar,Pambujan,44.7,2.5,5.5,40.7,48.7
84816,Northern Samar,Rosario,33.0,3.3,10.0,27.5,38.4
84817,Northern Samar,San Antonio,26.8,3.5,13.0,21.1,32.6
84818,Northern Samar,San Isidro,32.6,3.0,9.1,27.7,37.4
84819,Northern Samar,San Jose,32.1,2.8,8.8,27.5,36.7
84820,Northern Samar,San Roque,44.1,3.2,7.4,38.8,49.4
84821,Northern Samar,San Vicente,37.3,4.1,11.1,30.5,44.1
84822,Northern Samar,Silvino Lobos,56.9,3.2,5.6,51.7,62.2
84823,Northern Samar,Victoria,33.6,3.0,9.1,28.6,38.6
84824,Northern Samar,Lope De Vega,47.9,3.5,7.3,42.1,53.6
86001,Samar (Western),Almagro,30.3,3.1,10.1,25.2,35.3
86002,Samar (Western),Basey,26.9,1.9,6.9,23.8,29.9
86003,Samar (Western),Calbayog City,23.7,1.2,5.1,21.7,25.6
86004,Samar (Western),Calbiga,24.9,2.2,8.9,21.2,28.5
86005,Samar (Western),Catbalogan City,19.0,1.7,9.1,16.2,21.8
86006,Samar (Western),Daram,41.2,2.5,6.0,37.1,45.2
86007,Samar (Western),Gandara,31.3,1.8,5.6,28.5,34.2
86008,Samar (Western),Hinabangan,28.3,2.9,10.1,23.6,33.0
86009,Samar (Western),Jiabong,25.7,2.2,8.7,22.0,29.3
86010,Samar (Western),Marabut,27.4,3.0,11.0,22.5,32.4
86011,Samar (Western),Matuguinao,39.8,3.4,8.5,34.2,45.4
86012,Samar (Western),Motiong,30.9,2.8,8.9,26.3,35.4
86013,Samar (Western),Pinabacdao,30.4,2.5,8.3,26.3,34.6
86014,Samar (Western),San Jose de Buan,38.8,4.2,10.7,31.9,45.6
86015,Samar (Western),San Sebastian,27.8,3.1,11.2,22.6,32.9
86016,Samar (Western),Santa Margarita,25.5,2.5,9.8,21.4,29.6
86017,Samar (Western),Santa Rita,34.4,2.2,6.5,30.7,38.1
86018,Samar (Western),Santo Niño,30.7,3.3,10.6,25.3,36.0
86019,Samar (Western),Talalora,37.2,4.1,11.1,30.4,43.9
86020,Samar (Western),Tarangnan,29.9,2.6,8.8,25.6,34.2
86021,Samar (Western),Villareal,32.6,2.1,6.5,29.1,36.1
86022,Samar (Western),Paranas (Wright),26.4,1.9,7.2,23.3,29.6
86023,Samar (Western),Zumarraga,38.9,3.2,8.2,33.6,44.1
86024,Samar (Western),Tagapul-an,31.6,3.5,11.2,25.8,37.4
86025,Samar (Western),San Jorge,29.6,2.1,7.0,26.2,33.0
86026,Samar (Western),Pagsanghan,29.2,3.2,10.8,24.0,34.4
86401,Southern Leyte,Anahawan,23.6,2.7,11.2,19.3,28.0
86402,Southern Leyte,Bontoc,29.7,1.9,6.5,26.5,32.9
86403,Southern Leyte,Hinunangan,25.2,1.8,7.2,22.2,28.2
86404,Southern Leyte,Hinundayan,23.2,2.3,10.0,19.4,27.0
86405,Southern Leyte,Libagon,28.1,3.1,11.1,23.0,33.3
86406,Southern Leyte,Liloan,29.3,2.2,7.4,25.8,32.9
86407,Southern Leyte,Maasin City,20.5,1.3,6.2,18.4,22.6
86408,Southern Leyte,Macrohon,23.2,2.1,9.1,19.7,26.6
86409,Southern Leyte,Malitbog,29.8,1.7,5.8,27.0,32.7
86410,Southern Leyte,Padre Burgos,24.0,2.6,10.8,19.7,28.2
86411,Southern Leyte,Pintuyan,27.3,2.6,9.5,23.0,31.5
86412,Southern Leyte,Saint Bernard,25.5,2.3,9.0,21.7,29.3
86413,Southern Leyte,San Francisco,27.5,2.2,8.0,23.9,31.1
86414,Southern Leyte,San Juan (Cabalian),24.5,2.2,9.2,20.8,28.2
86415,Southern Leyte,San Ricardo,30.6,3.2,10.4,25.4,35.9
86416,Southern Leyte,Silago,26.8,3.0,11.3,21.8,31.7
86417,Southern Leyte,Sogod,27.2,1.9,7.1,24.1,30.4
86418,Southern Leyte,Tomas Oppus,26.5,2.0,7.5,23.2,29.8
86419,Southern Leyte,Limasawa,22.5,3.6,16.2,16.5,28.5
87801,Biliran,Almeria,16.8,2.4,14.5,12.8,20.8
87802,Biliran,Biliran,22.4,2.5,11.2,18.3,26.6
87803,Biliran,Cabucgayan,27.9,3.7,13.1,21.8,33.9
87804,Biliran,Caibiran,31.1,3.0,9.7,26.2,36.1
87805,Biliran,Culaba,28.8,2.6,9.2,24.4,33.1
87806,Biliran,Kawayan,27.0,2.5,9.4,22.9,31.2
87807,Biliran,Maripipi,20.4,2.9,14.2,15.7,25.2
87808,Biliran,Naval,22.9,2.3,9.8,19.2,26.6
97201,Zamboanga del Norte,Dapitan City,27.1,2.6,9.7,22.8,31.5
97202,Zamboanga del Norte,Dipolog City,17.9,2.2,12.4,14.3,21.6
97203,Zamboanga del Norte,Katipunan,52.9,2.9,5.5,48.0,57.7
97204,Zamboanga del Norte,La Libertad,53.0,4.5,8.5,45.6,60.4
97205,Zamboanga del Norte,Labason,45.2,3.2,7.1,39.9,50.4
97206,Zamboanga del Norte,Liloy,44.4,2.6,5.9,40.1,48.8
97207,Zamboanga del Norte,Manukan,49.2,3.5,7.1,43.5,55.0
97208,Zamboanga del Norte,Mutia,46.8,4.3,9.2,39.7,53.9
97209,Zamboanga del Norte,Piñan,46.5,3.2,7.0,41.2,51.8
97210,Zamboanga del Norte,Polanco,42.4,2.5,5.9,38.3,46.6
97211,Zamboanga del Norte,Pres. Manuel A. Roxas,55.6,2.9,5.2,50.8,60.4
97212,Zamboanga del Norte,Rizal,39.5,2.8,7.2,34.9,44.2
97213,Zamboanga del Norte,Salug,49.4,3.1,6.2,44.3,54.4
97214,Zamboanga del Norte,Sergio Osmeña Sr.,59.2,2.6,4.3,55.0,63.4
97215,Zamboanga del Norte,Siayan,62.0,3.7,6.0,55.8,68.1
97216,Zamboanga del Norte,Sibuco,58.6,3.9,6.6,52.2,64.9
97217,Zamboanga del Norte,Sibutad,46.3,4.5,9.7,39.0,53.7
97218,Zamboanga del Norte,Sindangan,37.1,3.2,8.7,31.8,42.4
97219,Zamboanga del Norte,Siocon,51.4,3.0,5.7,46.5,56.2
97220,Zamboanga del Norte,Sirawai,57.6,4.9,8.4,49.6,65.6
97221,Zamboanga del Norte,Tampilisan,48.2,3.3,6.9,42.8,53.6
97222,Zamboanga del Norte,Jose Dalman (Ponot),56.5,3.6,6.4,50.5,62.5
97223,Zamboanga del Norte,Gutalac,59.7,3.2,5.3,54.5,64.8
97224,Zamboanga del Norte,Baliguian,52.6,4.1,7.7,45.9,59.2
97225,Zamboanga del Norte,Godod,59.3,4.2,7.0,52.5,66.1
97226,Zamboanga del Norte,Bacungan (Leon T. Postigo),55.8,3.8,6.8,49.5,62.0
97227,Zamboanga del Norte,Kalawit,56.5,4.7,8.4,48.7,64.3
97302,Zamboanga del Sur,Aurora,29.8,2.4,8.0,25.9,33.7
97303,Zamboanga del Sur,Bayog,37.9,3.1,8.1,32.8,42.9
97305,Zamboanga del Sur,Dimataling,36.6,3.9,10.6,30.2,42.9
97306,Zamboanga del Sur,Dinas,36.8,3.3,9.0,31.4,42.3
97307,Zamboanga del Sur,Dumalinao,32.8,2.5,7.6,28.7,36.9
97308,Zamboanga del Sur,Dumingag,39.8,2.6,6.6,35.4,44.1
97311,Zamboanga del Sur,Kumalarang,37.7,4.8,12.8,29.8,45.6
97312,Zamboanga del Sur,Labangan,32.4,2.9,8.9,27.7,37.1
97313,Zamboanga del Sur,Lapuyan,41.0,3.3,8.1,35.6,46.4
97315,Zamboanga del Sur,Mahayag,35.4,2.7,7.5,31.0,39.7
97317,Zamboanga del Sur,Margosatubig,32.3,5.2,15.9,23.8,40.8
97318,Zamboanga del Sur,Midsalip,45.3,2.8,6.1,40.8,49.9
97319,Zamboanga del Sur,Molave,18.6,2.7,14.7,14.1,23.1
97322,Zamboanga del Sur,Pagadian City,14.1,1.9,13.2,11.0,17.1
97323,Zamboanga del Sur,Ramon Magsaysay,32.6,2.8,8.6,28.0,37.2
97324,Zamboanga del Sur,San Miguel,32.7,3.7,11.3,26.6,38.8
97325,Zamboanga del Sur,San Pablo,38.8,2.9,7.4,34.1,43.5
97327,Zamboanga del Sur,Tabina,37.9,4.0,10.6,31.3,44.5
97328,Zamboanga del Sur,Tambulig,32.3,2.9,8.9,27.6,37.1
97330,Zamboanga del Sur,Tukuran,33.4,3.6,10.9,27.4,39.3
97333,Zamboanga del Sur,Lakewood,39.1,4.6,11.8,31.5,46.8
97337,Zamboanga del Sur,Josefina,28.1,3.4,12.1,22.5,33.7
97338,Zamboanga del Sur,Pitogo,36.9,4.4,11.9,29.7,44.1
97340,Zamboanga del Sur,Sominot,38.4,3.6,9.4,32.5,44.3
97341,Zamboanga del Sur,Vincenzo A. Sagun,30.8,3.5,11.3,25.1,36.5
97343,Zamboanga del Sur,Guipos,31.6,3.5,11.0,25.9,37.4
97344,Zamboanga del Sur,Tigbao,39.5,3.8,9.7,33.2,45.8
98301,Zamboanga Sibugay,Alicia,37.3,3.2,8.6,32.1,42.6
98302,Zamboanga Sibugay,Buug,25.3,3.0,11.7,20.5,30.2
98303,Zamboanga Sibugay,Diplahan,28.9,3.4,11.7,23.3,34.5
98304,Zamboanga Sibugay,Imelda,29.3,3.4,11.7,23.6,34.9
98305,Zamboanga Sibugay,Ipil,22.3,2.5,11.3,18.2,26.4
98306,Zamboanga Sibugay,Kabasalan,30.1,2.6,8.6,25.8,34.4
98307,Zamboanga Sibugay,Mabuhay,42.9,4.2,9.7,36.1,49.8
98308,Zamboanga Sibugay,Malangas,30.8,3.5,11.4,25.0,36.6
98309,Zamboanga Sibugay,Naga,32.8,3.0,9.2,27.8,37.7
98310,Zamboanga Sibugay,Olutanga,36.6,4.3,11.7,29.6,43.7
98311,Zamboanga Sibugay,Payao,38.8,3.9,9.9,32.5,45.1
98312,Zamboanga Sibugay,Roseller Lim,32.3,2.7,8.4,27.8,36.7
98313,Zamboanga Sibugay,Siay,33.0,2.9,8.7,28.3,37.7
98314,Zamboanga Sibugay,Talusan,42.3,5.2,12.2,33.8,50.8
98315,Zamboanga Sibugay,Titay,33.5,2.9,8.8,28.7,38.4
98316,Zamboanga Sibugay,Tungawan,36.3,3.4,9.5,30.6,42.0
101301,Bukidnon,Baungon,34.7,3.3,9.5,29.2,40.1
101302,Bukidnon,Damulog,35.4,3.1,8.9,30.3,40.6
101303,Bukidnon,Dangcagan,27.6,3.2,11.7,22.3,33.0
101304,Bukidnon,Don Carlos,27.1,2.2,8.0,23.5,30.6
101305,Bukidnon,Impasug-ong,33.8,3.6,10.5,27.9,39.7
101306,Bukidnon,Kadingilan,33.6,3.1,9.3,28.5,38.8
101307,Bukidnon,Kalilangan,31.9,3.0,9.4,27.0,36.8
101308,Bukidnon,Kibawe,28.5,2.4,8.5,24.5,32.5
101309,Bukidnon,Kitaotao,35.6,2.6,7.2,31.4,39.8
101310,Bukidnon,Lantapan,33.9,3.1,9.0,28.9,38.9
101311,Bukidnon,Libona,27.7,3.3,11.8,22.4,33.1
101312,Bukidnon,Malaybalay City,21.6,1.7,7.7,18.9,24.3
101313,Bukidnon,Malitbog,35.6,3.9,10.8,29.3,42.0
101314,Bukidnon,Manolo Fortich,23.1,2.0,8.8,19.8,26.4
101315,Bukidnon,Maramag,23.4,2.1,8.9,20.0,26.9
101316,Bukidnon,Pangantucan,31.7,3.0,9.3,26.9,36.6
101317,Bukidnon,Quezon,29.8,2.1,7.0,26.4,33.3
101318,Bukidnon,San Fernando,36.3,2.5,6.9,32.2,40.4
101319,Bukidnon,Sumilao,32.3,4.3,13.4,25.2,39.4
101320,Bukidnon,Talakag,43.4,2.2,5.1,39.7,47.1
101321,Bukidnon,Valencia City,21.9,2.0,9.1,18.6,25.2
101322,Bukidnon,Cabanglasan,34.0,3.4,9.9,28.5,39.6
101801,Camiguin,Catarman,26.6,2.8,10.5,22.0,31.2
101802,Camiguin,Guinsiliban,30.4,4.2,13.9,23.4,37.3
101803,Camiguin,Mahinog,26.3,2.7,10.4,21.8,30.9
101804,Camiguin,Mambajao,21.4,2.4,11.2,17.5,25.4
101805,Camiguin,Sagay,32.7,3.4,10.5,27.0,38.4
103501,Lanao del Norte,Bacolod,20.4,2.5,12.1,16.4,24.5
103502,Lanao del Norte,Baloi,29.1,2.5,8.7,25.0,33.3
103503,Lanao del Norte,Baroy,17.1,2.1,12.0,13.7,20.5
103505,Lanao del Norte,Kapatagan,17.8,2.0,11.3,14.5,21.1
103506,Lanao del Norte,Sultan Naga Dimaporo,27.7,2.1,7.5,24.3,31.1
103507,Lanao del Norte,Kauswagan,23.2,2.9,12.4,18.5,28.0
103508,Lanao del Norte,Kolambugan,18.6,1.8,9.5,15.7,21.5
103509,Lanao del Norte,Lala,18.5,2.0,10.6,15.3,21.8
103510,Lanao del Norte,Linamon,20.5,2.7,13.0,16.1,24.9
103511,Lanao del Norte,Magsaysay,31.9,2.6,8.0,27.7,36.1
103512,Lanao del Norte,Maigo,18.8,2.4,12.7,14.8,22.7
103513,Lanao del Norte,Matungao,41.0,4.1,10.0,34.2,47.7
103514,Lanao del Norte,Munai,36.3,2.7,7.4,31.9,40.8
103515,Lanao del Norte,Nunungan,44.2,2.6,5.9,39.9,48.5
103516,Lanao del Norte,Pantao Ragat,42.5,3.1,7.2,37.5,47.6
103517,Lanao del Norte,Poona Piagapo,51.4,2.9,5.6,46.7,56.1
103518,Lanao del Norte,Salvador,29.1,3.0,10.1,24.3,34.0
103519,Lanao del Norte,Sapad,25.1,3.1,12.4,20.0,30.2
103520,Lanao del Norte,Tagoloan,36.5,5.1,14.0,28.1,44.8
103521,Lanao del Norte,Tangcal,44.1,3.9,8.9,37.6,50.6
103522,Lanao del Norte,Tubod,18.1,2.1,11.8,14.6,21.6
103523,Lanao del Norte,Pantar,36.7,2.8,7.7,32.1,41.4
104201,Misamis Occidental,Aloran,23.5,1.5,6.5,21.0,26.0
104202,Misamis Occidental,Baliangao,26.8,3.0,11.3,21.8,31.7
104203,Misamis Occidental,Bonifacio,35.0,2.2,6.4,31.3,38.6
104204,Misamis Occidental,Calamba,24.0,2.1,8.5,20.6,27.4
104205,Misamis Occidental,Clarin,22.5,2.0,8.7,19.3,25.7
104206,Misamis Occidental,Concepcion,49.9,3.5,7.0,44.2,55.6
104207,Misamis Occidental,Jimenez,20.4,2.0,9.9,17.1,23.8
104208,Misamis Occidental,Lopez Jaena,28.2,2.6,9.3,23.9,32.5
104209,Misamis Occidental,Oroquieta City,15.6,1.4,8.8,13.3,17.8
104210,Misamis Occidental,Ozamiz City,21.1,1.6,7.6,18.5,23.8
104211,Misamis Occidental,Panaon,18.1,2.5,13.9,14.0,22.2
104212,Misamis Occidental,Plaridel,23.8,2.0,8.3,20.5,27.0
104213,Misamis Occidental,Sapang Dalaga,35.4,2.5,7.0,31.3,39.5
104214,Misamis Occidental,Sinacaban,24.2,2.3,9.7,20.3,28.0
104215,Misamis Occidental,Tangub City,27.5,1.8,6.5,24.6,30.4
104216,Misamis Occidental,Tudela,24.4,1.9,7.8,21.3,27.5
104217,Misamis Occidental,Don Victoriano Chiongbian,35.7,4.0,11.3,29.1,42.4
104301,Misamis Oriental,Alubijid,14.9,1.9,12.7,11.8,18.0
104302,Misamis Oriental,Balingasag,20.2,1.9,9.4,17.0,23.3
104303,Misamis Oriental,Balingoan,18.5,2.8,15.4,13.8,23.1
104304,Misamis Oriental,Binuangan,17.1,2.9,16.8,12.4,21.9
104306,Misamis Oriental,Claveria,22.1,2.2,10.0,18.5,25.7
104307,Misamis Oriental,El Salvador City,13.3,2.1,15.6,9.9,16.8
104308,Misamis Oriental,Gingoog City,22.7,1.4,6.3,20.4,25.1
104309,Misamis Oriental,Gitagum,15.8,2.9,18.1,11.1,20.6
104310,Misamis Oriental,Initao,17.0,2.3,13.8,13.2,20.9
104311,Misamis Oriental,Jasaan,16.7,2.1,12.7,13.2,20.2
104312,Misamis Oriental,Kinoguitan,17.1,2.0,11.5,13.9,20.3
104313,Misamis Oriental,Lagonglong,18.9,2.6,13.8,14.6,23.2
104314,Misamis Oriental,Laguindingan,15.2,2.4,15.6,11.3,19.1
104315,Misamis Oriental,Libertad,17.9,3.5,19.3,12.2,23.6
104316,Misamis Oriental,Lugait,14.1,2.5,18.0,9.9,18.3
104317,Misamis Oriental,Magsaysay,25.8,2.2,8.4,22.2,29.4
104318,Misamis Oriental,Manticao,17.7,2.7,15.1,13.3,22.1
104319,Misamis Oriental,Medina,18.2,2.0,11.2,14.8,21.5
104320,Misamis Oriental,Naawan,16.7,2.4,14.5,12.7,20.6
104321,Misamis Oriental,Opol,12.7,1.9,15.2,9.5,15.8
104322,Misamis Oriental,Salay,17.3,2.2,12.6,13.7,20.8
104323,Misamis Oriental,Sugbongcogon,17.9,2.8,15.7,13.3,22.5
104324,Misamis Oriental,Tagoloan,16.8,2.7,15.8,12.5,21.2
104325,Misamis Oriental,Talisayan,19.9,2.5,12.4,15.8,23.9
104326,Misamis Oriental,Villanueva,16.0,3.2,19.9,10.8,21.2
112301,Davao del Norte,Asuncion (Saug),18.1,2.3,12.5,14.4,21.8
112303,Davao del Norte,Carmen,14.2,1.7,12.3,11.3,17.0
112305,Davao del Norte,Kapalong,20.9,3.3,15.9,15.4,26.4
112314,Davao del Norte,New Corella,19.6,2.8,14.0,15.1,24.1
112315,Davao del Norte,Panabo City,8.7,1.0,11.3,7.0,10.3
112317,Davao del Norte,Island Garden City of Samal,12.3,1.3,10.9,10.1,14.5
112318,Davao del Norte,Santo Tomas,12.1,1.8,14.9,9.1,15.0
112319,Davao del Norte,Tagum City,5.5,0.9,15.6,4.1,6.9
112322,Davao del Norte,Talaingod,49.6,7.1,14.3,37.9,61.2
112323,Davao del Norte,Braulio E. Dujali,11.4,2.7,23.9,6.9,15.9
112324,Davao del Norte,San Isidro,25.1,3.5,13.9,19.4,30.9
112401,Davao del Sur,Bansalan,17.3,2.1,12.2,13.8,20.7
112403,Davao del Sur,Digos City,5.5,0.9,16.3,4.0,6.9
112404,Davao del Sur,Hagonoy,14.1,1.7,11.8,11.4,16.9
112406,Davao del Sur,Kiblawan,29.9,3.4,11.3,24.3,35.5
112407,Davao del Sur,Magsaysay,23.5,2.4,10.4,19.5,27.6
112408,Davao del Sur,Malalag,17.4,2.1,12.0,14.0,20.8
112410,Davao del Sur,Matanao,21.0,1.7,8.2,18.2,23.9
112411,Davao del Sur,Padada,9.5,1.4,15.0,7.2,11.8
112412,Davao del Sur,Santa Cruz,20.7,2.8,13.4,16.2,25.3
112414,Davao del Sur,Sulop,16.1,1.9,11.8,13.0,19.3
112501,Davao Oriental,Baganga,36.4,2.0,5.6,33.0,39.7
112502,Davao Oriental,Banaybanay,26.1,1.5,5.7,23.6,28.5
112503,Davao Oriental,Boston,29.5,3.8,12.9,23.3,35.7
112504,Davao Oriental,Caraga,40.0,3.6,9.1,34.1,46.0
112505,Davao Oriental,Cateel,32.7,3.1,9.5,27.6,37.8
112506,Davao Oriental,Governor Generoso,35.1,3.4,9.6,29.5,40.6
112507,Davao Oriental,Lupon,26.1,2.7,10.5,21.5,30.6
112508,Davao Oriental,Manay,37.1,4.4,11.9,29.8,44.3
112509,Davao Oriental,Mati City (Capital),21.5,2.1,9.8,18.0,25.0
112510,Davao Oriental,San Isidro,31.2,2.8,9.0,26.6,35.9
112511,Davao Oriental,Tarragona,38.2,4.2,10.9,31.4,45.0
118201,Compostela Valley,Compostela,25.3,1.5,5.9,22.8,27.7
118202,Compostela Valley,Laak (San Vicente),24.9,1.5,5.8,22.5,27.3
118203,Compostela Valley,Mabini (Doña Alicia),22.6,3.2,14.1,17.4,27.8
118204,Compostela Valley,Maco,19.8,1.5,7.8,17.3,22.4
118205,Compostela Valley,Maragusan (San Mariano),22.7,2.4,10.4,18.9,26.6
118206,Compostela Valley,Mawab,18.1,2.6,14.5,13.7,22.4
118207,Compostela Valley,Monkayo,28.0,2.5,9.0,23.9,32.2
118208,Compostela Valley,Montevista,27.9,2.8,10.0,23.3,32.4
118209,Compostela Valley,Nabunturan,17.5,2.0,11.7,14.1,20.9
118210,Compostela Valley,New Bataan,25.6,3.0,11.6,20.7,30.5
118211,Compostela Valley,Pantukan,27.8,3.8,13.7,21.5,34.0
118601,Davao Occidental,Don Marcelino,37.9,4.2,11.1,31.0,44.8
118602,Davao Occidental,Jose Abad Santos (Trinidad),47.2,3.6,7.7,41.2,53.1
118603,Davao Occidental,Malita,35.8,3.1,8.6,30.8,40.9
118604,Davao Occidental,Santa Maria,31.7,3.3,10.5,26.2,37.2
118605,Davao Occidental,Sarangani,35.5,4.2,11.9,28.5,42.4
124701,North Cotabato,Alamada,44.3,5.0,11.4,36.1,52.5
124702,North Cotabato,Carmen,39.3,4.9,12.4,31.2,47.4
124703,North Cotabato,Kabacan,24.2,3.4,13.9,18.6,29.8
124704,North Cotabato,Kidapawan City,14.0,2.3,16.0,10.2,17.8
124705,North Cotabato,Libungan,25.2,3.9,15.6,18.8,31.6
124706,North Cotabato,Magpet,41.7,3.9,9.3,35.3,48.1
124707,North Cotabato,Makilala,20.3,2.6,12.7,16.0,24.6
124708,North Cotabato,Matalam,35.9,3.0,8.3,31.0,40.8
124709,North Cotabato,Midsayap,24.7,2.9,11.6,19.9,29.5
124710,North Cotabato,M'lang,20.6,3.0,14.8,15.7,25.5
124711,North Cotabato,Pigkawayan,33.2,2.7,8.1,28.8,37.6
124712,North Cotabato,Pikit,44.0,3.3,7.5,38.6,49.4
124713,North Cotabato,President Roxas,37.5,3.5,9.2,31.7,43.3
124714,North Cotabato,Tulunan,35.4,3.3,9.3,30.0,40.8
124715,North Cotabato,Antipas,28.6,4.6,16.0,21.0,36.2
124716,North Cotabato,Banisilan,43.0,4.0,9.2,36.4,49.6
124717,North Cotabato,Aleosan,47.1,4.3,9.2,40.0,54.2
124718,North Cotabato,Arakan,42.1,3.7,8.8,36.0,48.2
126302,South Cotabato,Banga,19.5,3.0,15.5,14.6,24.4
126306,South Cotabato,Koronodal City,12.1,2.0,16.7,8.8,15.4
126311,South Cotabato,Norala,24.6,3.9,15.7,18.2,31.0
126312,South Cotabato,Polomolok,15.0,2.9,19.3,10.2,19.8
126313,South Cotabato,Surallah,17.9,3.0,16.4,13.0,22.8
126314,South Cotabato,Tampakan,30.9,4.1,13.3,24.2,37.6
126315,South Cotabato,Tantangan,26.8,4.1,15.3,20.1,33.5
126316,South Cotabato,T'boli,45.7,3.7,8.1,39.6,51.8
126317,South Cotabato,Tupi,22.5,4.0,17.9,15.9,29.1
126318,South Cotabato,Santo Niño,17.3,3.5,20.5,11.5,23.1
126319,South Cotabato,Lake Sebu,49.3,5.2,10.5,40.8,57.9
126501,Sultan Kudarat,Bagumbayan,33.1,3.9,11.7,26.7,39.5
126502,Sultan Kudarat,Columbio,36.2,4.7,13.0,28.5,43.9
126503,Sultan Kudarat,Esperanza,27.5,3.1,11.4,22.4,32.6
126504,Sultan Kudarat,Isulan,20.6,3.6,17.4,14.7,26.5
126505,Sultan Kudarat,Kalamansig,42.2,3.8,9.0,36.0,48.5
126506,Sultan Kudarat,Lebak,34.7,3.2,9.1,29.4,40.0
126507,Sultan Kudarat,Lutayan,39.9,5.3,13.2,31.2,48.6
126508,Sultan Kudarat,Lambayong,34.6,3.4,9.8,29.0,40.2
126509,Sultan Kudarat,Palimbang,60.5,4.1,6.8,53.8,67.2
126510,Sultan Kudarat,President Quirino,26.7,3.6,13.3,20.8,32.6
126511,Sultan Kudarat,Tacurong City,10.3,2.0,19.8,7.0,13.6
126512,Sultan Kudarat,Sen. Ninoy Aquino,38.2,3.4,8.9,32.6,43.8
128001,Sarangani,Alabel,29.2,4.7,16.0,21.5,36.9
128002,Sarangani,Glan,39.3,3.1,7.8,34.2,44.4
128003,Sarangani,Kiamba,33.4,4.0,12.0,26.8,40.0
128004,Sarangani,Maasim,41.9,4.8,11.6,34.0,49.8
128005,Sarangani,Maitum,38.6,3.4,8.7,33.0,44.2
128006,Sarangani,Malapatan,45.7,4.8,10.5,37.8,53.6
128007,Sarangani,Malungon,34.2,3.4,9.9,28.6,39.8
160201,Agusan del Norte,Buenavista,24.8,2.1,8.4,21.4,28.2
160203,Agusan del Norte,Cabadbaran City,19.0,2.0,10.7,15.7,22.4
160204,Agusan del Norte,Carmen,27.2,3.8,14.1,20.9,33.5
160205,Agusan del Norte,Jabonga,31.3,3.0,9.7,26.3,36.3
160206,Agusan del Norte,Kitcharao,23.9,3.0,12.4,19.0,28.7
160207,Agusan del Norte,Las Nieves,37.2,2.8,7.5,32.7,41.8
160208,Agusan del Norte,Magallanes,21.0,3.2,15.4,15.7,26.3
160209,Agusan del Norte,Nasipit,19.7,2.1,10.6,16.3,23.1
160210,Agusan del Norte,Santiago,28.7,4.3,14.9,21.7,35.7
160211,Agusan del Norte,Tubay,28.8,2.9,10.2,24.0,33.7
160212,Agusan del Norte,Remedios T. Romualdez,27.7,3.4,12.2,22.2,33.3
160301,Agusan del Sur,Bayugan City,31.5,2.4,7.5,27.6,35.4
160302,Agusan del Sur,Bunawan,30.3,4.1,13.6,23.6,37.1
160303,Agusan del Sur,Esperanza,45.7,2.3,5.1,41.9,49.5
160304,Agusan del Sur,La Paz,50.1,3.6,7.3,44.1,56.1
160305,Agusan del Sur,Loreto,44.4,3.5,7.9,38.6,50.2
160306,Agusan del Sur,Prosperidad,34.2,2.6,7.6,30.0,38.5
160307,Agusan del Sur,Rosario,35.4,4.5,12.7,28.0,42.8
160308,Agusan del Sur,San Francisco,25.7,2.4,9.5,21.7,29.7
160309,Agusan del Sur,San Luis,47.3,3.4,7.2,41.8,52.9
160310,Agusan del Sur,Santa Josefa,31.0,3.2,10.4,25.7,36.3
160311,Agusan del Sur,Talacogon,36.2,3.5,9.8,30.4,42.0
160312,Agusan del Sur,Trento,29.6,3.8,13.0,23.3,35.9
160313,Agusan del Sur,Veruela,39.9,3.5,8.7,34.2,45.5
160314,Agusan del Sur,Sibagat,40.2,3.4,8.5,34.6,45.8
166701,Surigao del Norte,Alegria,37.4,3.2,8.5,32.1,42.6
166702,Surigao del Norte,Bacuag,31.8,3.8,11.9,25.5,38.0
166704,Surigao del Norte,Burgos,31.6,4.5,14.3,24.1,39.0
166706,Surigao del Norte,Claver,32.3,2.6,7.9,28.1,36.5
166707,Surigao del Norte,Dapa,38.1,2.5,6.6,34.0,42.3
166708,Surigao del Norte,Del Carmen,35.5,2.8,8.0,30.9,40.2
166710,Surigao del Norte,General Luna,40.7,2.9,7.0,36.0,45.4
166711,Surigao del Norte,Gigaquit,39.2,3.8,9.8,32.9,45.5
166714,Surigao del Norte,Mainit,39.0,3.1,8.1,33.8,44.1
166715,Surigao del Norte,Malimono,35.2,3.4,9.6,29.6,40.7
166716,Surigao del Norte,Pilar,37.4,3.2,8.7,32.1,42.7
166717,Surigao del Norte,Placer,32.7,3.0,9.2,27.7,37.6
166718,Surigao del Norte,San Benito,38.7,4.6,11.9,31.2,46.3
166719,Surigao del Norte,San Francisco (Anao-Aon),32.1,3.4,10.5,26.6,37.6
166720,Surigao del Norte,San Isidro,36.8,3.7,10.1,30.7,42.9
166721,Surigao del Norte,Santa Monica (Sapao),33.7,3.7,10.9,27.6,39.7
166722,Surigao del Norte,Sison,36.2,3.4,9.4,30.7,41.8
166723,Surigao del Norte,Socorro,32.0,4.1,13.0,25.2,38.8
166724,Surigao del Norte,Surigao City,24.7,1.5,6.0,22.3,27.2
166725,Surigao del Norte,Tagana-an,37.2,3.1,8.3,32.1,42.3
166727,Surigao del Norte,Tubod,29.4,3.2,10.9,24.1,34.6
166801,Surigao del Sur,Barobo,33.2,3.6,11.0,27.2,39.2
166802,Surigao del Sur,Bayabas,31.1,4.8,15.5,23.2,39.0
166803,Surigao del Sur,Bislig City,21.6,2.7,12.5,17.2,26.0
166804,Surigao del Sur,Cagwait,28.0,3.2,11.6,22.6,33.3
166805,Surigao del Sur,Cantilan,19.2,2.1,10.7,15.8,22.5
166806,Surigao del Sur,Carmen,27.3,4.2,15.3,20.5,34.2
166807,Surigao del Sur,Carrascal,23.0,3.6,15.6,17.1,29.0
166808,Surigao del Sur,Cortes,28.4,3.8,13.5,22.1,34.7
166809,Surigao del Sur,Hinatuan,31.3,2.5,8.0,27.2,35.4
166810,Surigao del Sur,Lanuza,29.5,3.1,10.5,24.4,34.6
166811,Surigao del Sur,Lianga,30.0,3.1,10.2,25.0,35.1
166812,Surigao del Sur,Lingig,36.3,3.3,9.1,30.9,41.8
166813,Surigao del Sur,Madrid,21.5,2.6,12.1,17.2,25.7
166814,Surigao del Sur,Marihatag,37.8,3.3,8.8,32.4,43.3
166815,Surigao del Sur,San Agustin,32.0,3.4,10.6,26.4,37.6
166816,Surigao del Sur,San Miguel,38.8,3.1,8.1,33.7,43.9
166817,Surigao del Sur,Tagbina,32.7,2.5,7.6,28.6,36.7
166818,Surigao del Sur,Tago,29.7,2.3,7.8,25.9,33.5
166819,Surigao del Sur,Tandag City,19.1,2.0,10.6,15.8,22.5
168501,Dinagat Islands,Basilisa (Rizal),33.2,2.5,7.4,29.2,37.3
168502,Dinagat Islands,Cagdianao,36.8,3.2,8.7,31.5,42.1
168503,Dinagat Islands,Dinagat,35.3,3.7,10.3,29.3,41.3
168504,Dinagat Islands,Libjo (Albor),38.5,3.4,8.9,32.9,44.1
168505,Dinagat Islands,Loreto,31.5,3.1,9.9,26.4,36.6
168506,Dinagat Islands,San Jose,27.6,2.5,9.1,23.5,31.7
168507,Dinagat Islands,Tubajon,35.7,4.4,12.4,28.5,43.0
150702,Basilan,Lamitan City,52.7,3.3,6.3,47.3,58.2
150703,Basilan,Lantawan,64.7,4.4,6.8,57.5,71.9
150704,Basilan,Maluso,72.8,3.7,5.0,66.7,78.8
150705,Basilan,Sumisip,72.2,3.1,4.3,67.1,77.3
150706,Basilan,Tipo-Tipo,76.6,4.1,5.3,69.9,83.3
150707,Basilan,Tuburan,75.5,5.2,6.9,67.0,84.1
150708,Basilan,Akbar,70.1,6.6,9.4,59.3,81.0
150709,Basilan,Al-barka,73.6,3.7,5.0,67.6,79.6
150710,Basilan,Hadji Mohammad Ajul,81.6,5.3,6.5,73.0,90.3
150711,Basilan,Ungkaya Pukan,76.8,4.1,5.3,70.1,83.4
150712,Basilan,Hadji Muhtamad,75.2,4.5,5.9,67.8,82.5
150713,Basilan,Tabuan-Lasa,85.9,3.5,4.1,80.2,91.6
153601,Lanao del Sur,Bacolod-Kalawi,66.6,3.6,5.4,60.7,72.6
153602,Lanao del Sur,Balabagan,73.5,3.3,4.5,68.0,78.9
153603,Lanao del Sur,Balindong (Watu),67.4,2.5,3.7,63.3,71.4
153604,Lanao del Sur,Bayang,70.4,2.7,3.9,65.9,74.9
153605,Lanao del Sur,Binidayan,69.8,3.5,5.1,64.0,75.6
153606,Lanao del Sur,Bubong,67.3,3.0,4.4,62.4,72.1
153607,Lanao del Sur,Butig,80.7,4.4,5.4,73.5,87.9
153609,Lanao del Sur,Ganassi,74.2,2.9,3.8,69.5,78.9
153610,Lanao del Sur,Kapai,88.9,2.4,2.7,85.0,92.9
153611,Lanao del Sur,Lumba-Bayabao (Maguing),76.6,2.2,2.9,72.9,80.2
153612,Lanao del Sur,Lumbatan,76.9,3.4,4.4,71.3,82.4
153613,Lanao del Sur,Madalum,74.0,2.4,3.2,70.1,77.9
153614,Lanao del Sur,Madamba,76.5,3.4,4.4,70.9,82.0
153615,Lanao del Sur,Malabang,71.0,2.7,3.7,66.7,75.4
153616,Lanao del Sur,Marantao,67.3,2.7,4.0,62.8,71.7
153617,Lanao del Sur,Marawi City,63.2,2.2,3.6,59.5,66.9
153618,Lanao del Sur,Masiu,74.9,2.2,2.9,71.3,78.5
153619,Lanao del Sur,Mulondo,78.2,2.7,3.5,73.7,82.7
153620,Lanao del Sur,Pagayawan (Tatarikan),89.6,2.6,2.9,85.2,93.9
153621,Lanao del Sur,Piagapo,83.9,2.1,2.5,80.6,87.3
153622,Lanao del Sur,Poona Bayabao (Gata),72.3,3.2,4.4,67.1,77.4
153623,Lanao del Sur,Pualas,75.9,3.2,4.2,70.7,81.1
153624,Lanao del Sur,Ditsaan-Ramain,73.0,2.6,3.6,68.7,77.3
153625,Lanao del Sur,Saguiaran,75.3,2.8,3.8,70.6,79.9
153626,Lanao del Sur,Tamparan,73.6,2.6,3.5,69.4,77.8
153627,Lanao del Sur,Taraka,72.9,3.3,4.5,67.5,78.2
153628,Lanao del Sur,Tubaran,78.3,3.2,4.0,73.1,83.5
153629,Lanao del Sur,Tugaya,70.3,3.6,5.1,64.4,76.3
153630,Lanao del Sur,Wao,65.1,2.9,4.4,60.3,69.8
153631,Lanao del Sur,Marogong,86.6,3.1,3.6,81.4,91.7
153632,Lanao del Sur,Calanogas,86.1,2.8,3.2,81.6,90.6
153633,Lanao del Sur,Buadiposo-Buntong,66.9,2.6,3.9,62.6,71.2
153634,Lanao del Sur,Maguing,76.1,2.6,3.4,71.8,80.3
153635,Lanao del Sur,Picong (Sultan Gumander),86.6,2.9,3.3,81.9,91.3
153636,Lanao del Sur,Lumbayanague,76.5,3.0,4.0,71.5,81.5
153637,Lanao del Sur,Amai Manabilang,75.7,3.5,4.7,69.9,81.6
153638,Lanao del Sur,Tagoloan II,85.0,2.6,3.1,80.7,89.3
153639,Lanao del Sur,Kapatagan,85.2,2.8,3.3,80.6,89.8
153640,Lanao del Sur,Sultan Dumalondong,88.1,4.3,4.9,81.0,95.1
153641,Lanao del Sur,Lumbaca-Unayan,82.3,3.9,4.7,75.9,88.7
153801,Maguindanao,Ampatuan,58.9,7.3,12.4,46.9,70.9
153802,Maguindanao,Buldon,66.8,6.0,9.0,56.9,76.7
153803,Maguindanao,Buluan,63.9,10.6,16.5,46.5,81.3
153805,Maguindanao,Datu Paglas,65.1,5.9,9.1,55.3,74.8
153806,Maguindanao,Datu Piang,52.1,9.0,17.2,37.4,66.9
153807,Maguindanao,Datu Odin Sinsuat (Dinaig),48.0,4.3,9.0,40.9,55.1
153808,Maguindanao,Shariff Aguak (Maganoy),62.9,7.6,12.1,50.4,75.3
153809,Maguindanao,Matanog,64.7,7.5,11.6,52.4,77.0
153810,Maguindanao,Pagalungan,61.2,7.3,12.0,49.1,73.2
153811,Maguindanao,Parang,49.1,5.8,11.8,39.5,58.6
153812,Maguindanao,Sultan Kudarat (Nuling),58.9,4.5,7.6,51.6,66.2
153813,Maguindanao,Sultan Sa Barongis (Lambayong),67.1,6.6,9.8,56.3,77.9
153814,Maguindanao,Kabuntalan (Tumbao),68.5,5.6,8.1,59.4,77.6
153815,Maguindanao,Upi,51.0,4.0,7.9,44.3,57.6
153816,Maguindanao,Talayan,70.8,6.6,9.4,59.9,81.7
153817,Maguindanao,South Upi,60.4,7.2,12.0,48.5,72.3
153818,Maguindanao,Barira,65.7,5.9,9.0,55.9,75.4
153819,Maguindanao,Gen. S. K. Pendatun,73.8,4.4,5.9,66.6,80.9
153820,Maguindanao,Mamasapano,72.6,6.5,8.9,62.0,83.3
153821,Maguindanao,Talitay,68.7,6.6,9.6,57.8,79.6
153822,Maguindanao,Pagagawan,67.5,5.7,8.4,58.2,76.9
153823,Maguindanao,Paglat,72.8,6.4,8.8,62.2,83.3
153824,Maguindanao,Sultan Mastura,59.8,5.7,9.6,50.3,69.2
153825,Maguindanao,Guindulungan,70.6,6.3,8.9,60.3,81.0
153826,Maguindanao,Datu Saudi-Ampatuan,62.3,7.1,11.5,50.6,74.1
153827,Maguindanao,Datu Unsay,67.6,7.4,11.0,55.4,79.8
153828,Maguindanao,Datu Abdullah Sangki,67.1,5.5,8.2,58.1,76.2
153829,Maguindanao,Rajah Buayan,73.3,5.1,6.9,64.9,81.6
153830,Maguindanao,Datu Blah T. Sinsuat,70.4,5.4,7.7,61.6,79.3
153831,Maguindanao,Datu Anggal Midtimbang,69.5,7.9,11.4,56.5,82.5
153832,Maguindanao,Mangudadatu,52.0,7.8,15.0,39.2,64.8
153833,Maguindanao,Pandag,70.2,7.1,10.2,58.4,81.9
153834,Maguindanao,Northern Kabuntalan,65.5,6.4,9.7,55.0,76.0
153835,Maguindanao,Datu Hoffer Ampatuan,70.3,5.0,7.1,62.1,78.5
153836,Maguindanao,Datu Salibo,59.3,7.2,12.1,47.5,71.1
153837,Maguindanao,Shariff Saydona Mustapha,66.3,4.9,7.4,58.2,74.4
156601,Sulu,Indanan,69.8,4.6,6.7,62.2,77.4
156602,Sulu,Jolo,58.9,5.9,10.1,49.2,68.7
156603,Sulu,Kalingalan Caluang,78.7,5.0,6.3,70.6,86.9
156604,Sulu,Luuk,78.3,5.0,6.4,70.1,86.6
156605,Sulu,Maimbung,71.2,4.5,6.3,63.8,78.6
156606,Sulu,Hadji Panglima Tahil (Marunggas),78.5,6.2,7.9,68.3,88.7
156607,Sulu,Old Panamao,84.7,3.0,3.5,79.9,89.6
156608,Sulu,Pangutaran,76.8,3.7,4.8,70.7,82.8
156609,Sulu,Parang,77.2,2.3,2.9,73.5,80.9
156610,Sulu,Pata,87.3,3.3,3.8,81.9,92.8
156611,Sulu,Patikul,59.1,4.4,7.4,51.9,66.3
156612,Sulu,Siasi,70.9,2.3,3.3,67.1,74.8
156613,Sulu,Talipao,82.6,2.0,2.4,79.4,85.9
156614,Sulu,Tapul,76.8,3.7,4.9,70.7,82.9
156615,Sulu,Tongkil,80.7,3.9,4.8,74.4,87.0
156616,Sulu,Panglima Estino (New Panamao),85.4,3.8,4.5,79.1,91.7
156617,Sulu,Lugus,75.5,4.0,5.3,68.9,82.1
156618,Sulu,Pandami,70.1,4.5,6.5,62.6,77.5
156619,Sulu,Omar,79.4,4.9,6.1,71.4,87.4
157001,Tawi-tawi,Panglima Sugala (Balimbing),27.5,4.3,15.6,20.5,34.6
157002,Tawi-tawi,Bongao,17.3,2.9,16.8,12.5,22.1
157003,Tawi-tawi,Mapun (Cagayan De Tawi-Tawi),18.8,4.2,22.1,12.0,25.7
157004,Tawi-tawi,Simunul,14.6,4.0,27.6,8.0,21.3
157005,Tawi-tawi,Sitangkai,24.0,6.3,26.3,13.6,34.4
157006,Tawi-tawi,South Ubian,16.4,2.9,17.7,11.7,21.2
157007,Tawi-tawi,Tandubas,23.9,4.4,18.4,16.7,31.2
157008,Tawi-tawi,Turtle Islands,18.6,8.8,47.3,4.1,33.0
157009,Tawi-tawi,Languyan,17.0,3.4,20.0,11.4,22.6
157010,Tawi-tawi,Sapa-Sapa,24.8,4.3,17.2,17.8,31.8
157011,Tawi-tawi,Sibutu,20.9,3.9,18.6,14.5,27.3